Dates,PX_LAST,PX_HIGH,PX_LOW,OPEN
2015-09-30,24.5,25.88,23.25,24.64
2015-10-01,22.55,25.23,22.55,23.14
2015-10-02,20.94,24.47,20.35,23.99
2015-10-05,19.54,20.42,19.14,20.31
2015-10-06,19.4,20.32,18.82,19.54
2015-10-07,18.4,19.73,18.33,18.96
2015-10-08,17.42,19.02,16.34,18.62
2015-10-09,17.08,18.2,16.89,17.15
2015-10-12,16.17,17.81,16.15,17.68
2015-10-13,17.67,17.7,16.14,17.08
2015-10-14,18.03,18.78,17.3,17.67
2015-10-15,16.05,17.85,16.04,17.62
2015-10-16,15.05,16.86,15.05,15.64
2015-10-19,14.98,16.23,14.82,15.68
2015-10-20,15.75,16.34,14.72,15.17
2015-10-21,16.7,16.7,14.41,14.98
2015-10-22,14.45,15.92,14.45,15.02
2015-10-23,14.46,15.12,13.24,13.46
2015-10-26,15.29,15.43,14.68,14.76
2015-10-27,15.43,15.99,14.78,15.75
2015-10-28,14.33,15.73,12.8,15.14
2015-10-29,14.61,15.46,14.33,14.8
2015-10-30,15.07,15.39,14,14.6
2015-11-02,14.15,15.51,13.67,15.41
2015-11-03,14.54,14.73,13.81,14.33
2015-11-04,15.51,15.88,13.96,14.04
2015-11-05,15.05,16.39,15,15.39
2015-11-06,14.33,16,14.32,14.91
2015-11-09,16.52,17.09,15.14,15.34
2015-11-10,15.29,16.96,15.24,16.69
2015-11-11,16.06,16.15,15.02,15.07
2015-11-12,18.37,18.5,16.65,17.06
2015-11-13,20.08,20.67,18.2,18.68
2015-11-16,18.16,20.55,17.25,20.51
2015-11-17,18.84,19.59,16.86,17.82
2015-11-18,16.85,19.45,16.8,19.01
2015-11-19,16.99,18.26,16,16.25
2015-11-20,15.47,16.38,15.47,16.13
2015-11-23,15.62,16.74,15.38,16.15
2015-11-24,15.93,17.21,15.48,16.53
2015-11-25,15.19,15.89,15.05,15.55
2015-11-26,15.19,15.89,15.05,15.55
2015-11-27,15.12,16.09,15.12,15.31
2015-11-30,16.13,16.57,15.52,15.55
2015-12-01,14.67,16.34,14.63,15.61
2015-12-02,15.91,16.49,14.71,15.04
2015-12-03,18.11,19.35,15.86,15.87
2015-12-04,14.81,17.65,14.69,17.43
2015-12-07,15.84,17.18,15.58,15.65
2015-12-08,17.6,18.33,16.52,17.69
2015-12-09,19.61,20.13,15.72,18.05
2015-12-10,19.34,19.72,18.13,19.25
2015-12-11,24.39,25.27,20.88,21.36
2015-12-14,22.73,26.81,21.47,24.7
2015-12-15,20.95,21.62,20.02,20.76
2015-12-16,17.86,20.24,17.12,19.25
2015-12-17,18.94,19.05,16.13,16.18
2015-12-18,20.7,23.3,18.75,19.34
2015-12-21,18.7,20.21,18.7,19.64
2015-12-22,16.6,18.22,16.6,17.61
2015-12-23,15.57,16.25,15.33,15.86
2015-12-24,15.74,15.88,14.45,15.44
2015-12-25,15.74,15.88,14.45,15.44
2015-12-28,16.91,18.13,16.88,17.65
2015-12-29,16.08,16.48,15.63,15.91
2015-12-30,17.29,17.42,16.5,16.5
2015-12-31,18.21,20.39,17.51,17.97
2016-01-01,18.21,20.39,17.51,17.97
2016-01-04,20.7,23.36,20.67,22.48
2016-01-05,19.34,21.06,19.25,20.75
2016-01-06,20.59,21.86,19.8,21.67
2016-01-07,24.99,25.86,22.4,23.22
2016-01-08,27.01,27.08,22.48,22.96
2016-01-11,24.3,27.39,23.83,25.58
2016-01-12,22.47,23.93,21.91,22.97
2016-01-13,25.22,26.11,21.44,21.72
2016-01-14,23.95,26.28,23.07,24.75
2016-01-15,27.02,30.95,26.67,28.96
2016-01-18,27.02,30.95,26.67,28.96
2016-01-19,26.05,27.59,25.21,25.4
2016-01-20,27.59,32.09,26.59,27.78
2016-01-21,26.69,28.43,25.01,27.79
2016-01-22,22.34,24.55,22.22,24.21
2016-01-25,24.15,24.31,22.38,23.3
2016-01-26,22.5,24.02,22.33,23.75
2016-01-27,23.11,27.22,20.42,22.88
2016-01-28,22.42,23.81,21.9,22.15
2016-01-29,20.2,21.74,19.5,21.59
2016-02-01,19.98,23.66,19.61,21.32
2016-02-02,21.98,22.42,21.06,21.34
2016-02-03,21.65,27.7,21.42,21.49
2016-02-04,21.84,23.14,21.24,22.29
2016-02-05,23.38,24.11,21.91,22.09
2016-02-08,26,27.72,25.56,25.89
2016-02-09,26.54,28.31,25.99,28.3
2016-02-10,26.29,26.6,24.47,25.75
2016-02-11,28.14,30.9,26.67,29.01
2016-02-12,25.4,27.57,24.92,27.16
2016-02-15,25.4,27.57,24.92,27.16
2016-02-16,24.11,25.52,23.32,24.96
2016-02-17,22.31,24.16,21.83,23.4
2016-02-18,21.64,22.53,21.29,22.16
2016-02-19,20.53,23.44,20.52,22.39
2016-02-22,19.38,20.35,19.02,20.14
2016-02-23,20.98,21.16,19.54,19.75
2016-02-24,20.72,22.87,20.26,22.28
2016-02-25,19.11,21.26,19.1,20.54
2016-02-26,19.81,20.13,18.46,18.89
2016-02-29,20.55,20.81,18.38,20.49
2016-03-01,17.7,20.17,17.66,19.84
2016-03-02,17.09,18.41,16.78,17.98
2016-03-03,16.7,17.56,16.32,17.25
2016-03-04,16.86,17.35,16.05,16.48
2016-03-07,17.35,18.04,16.87,17.98
2016-03-08,18.67,18.89,17.82,18.38
2016-03-09,18.34,19.11,18.31,18.56
2016-03-10,18.05,19.59,17.06,18.17
2016-03-11,16.5,17.27,16.28,17.09
2016-03-14,16.92,17.67,16.69,17.01
2016-03-15,16.84,17.85,16.84,17.6
2016-03-16,14.99,16.33,14.89,15.96
2016-03-17,14.44,15.38,13.82,15.34
2016-03-18,14.02,14.36,13.75,14.05
2016-03-21,13.79,14.73,13.79,14.57
2016-03-22,14.17,14.76,13.75,14.57
2016-03-23,14.94,15.03,14.33,14.57
2016-03-24,14.74,16.44,14.71,16.3
2016-03-25,14.74,16.44,14.71,16.3
2016-03-28,15.24,16.04,14.89,15.65
2016-03-29,13.82,15.89,13.79,15.74
2016-03-30,13.56,13.89,13.06,13.69
2016-03-31,13.95,14.28,13.49,13.73
2016-04-01,13.1,15.28,13,15.23
2016-04-04,14.12,14.24,13.66,13.88
2016-04-05,15.42,15.72,14.93,15.39
2016-04-06,14.09,15.98,14,15.61
2016-04-07,16.16,16.77,14.68,15.14
2016-04-08,15.36,15.93,14.84,15.34
2016-04-11,16.26,16.26,14.83,15.34
2016-04-12,14.85,16.57,14.84,15.98
2016-04-13,13.84,14.53,13.6,14.49
2016-04-14,13.72,14.12,13.38,13.9
2016-04-15,13.62,14.19,13.58,13.77
2016-04-18,13.35,14.94,13.23,14.87
2016-04-19,13.24,13.88,12.98,13.18
2016-04-20,13.28,13.5,12.5,13.39
2016-04-21,13.95,14.14,13.16,13.2
2016-04-22,13.22,14.19,13.15,13.7
2016-04-25,14.08,14.76,13.86,14.07
2016-04-26,13.96,14.43,13.66,14.01
2016-04-27,13.77,14.95,13.5,14.15
2016-04-28,15.22,15.61,13.3,14.53
2016-04-29,15.7,17.09,14.91,15.21
2016-05-02,14.68,16.5,14.48,16.33
2016-05-03,15.6,16.42,14.91,14.92
2016-05-04,16.05,16.85,15.39,15.47
2016-05-05,15.91,16.45,15.22,15.54
2016-05-06,14.72,16.58,14.71,16.2
2016-05-09,14.57,15.39,14.17,15.2
2016-05-10,13.63,14.35,13.55,13.98
2016-05-11,14.69,14.69,13.29,13.92
2016-05-12,14.41,15.42,13.95,14.55
2016-05-13,15.04,15.47,13.97,15.15
2016-05-16,14.68,15.98,14.28,15.72
2016-05-17,15.57,16.12,14.48,14.57
2016-05-18,15.95,16.47,14.86,15.72
2016-05-19,16.33,17.65,16.28,16.37
2016-05-20,15.2,16.3,15.11,16.13
2016-05-23,15.82,16.47,15.4,16.33
2016-05-24,14.42,16.06,14.36,16.03
2016-05-25,13.9,14.33,13.64,14.19
2016-05-26,13.43,14.11,13.43,13.8
2016-05-27,13.12,13.76,13.04,13.49
2016-05-30,13.12,13.76,13.04,13.49
2016-05-31,14.19,15,13.45,13.94
2016-06-01,14.2,15.25,14.18,14.45
2016-06-02,13.63,14.92,13.62,14.42
2016-06-03,13.47,14.66,12.9,13.78
2016-06-06,13.65,14.27,13.42,13.84
2016-06-07,14.05,14.05,12.72,12.77
2016-06-08,14.08,14.27,13.7,13.84
2016-06-09,14.64,14.85,13.99,14.01
2016-06-10,17.03,17.33,14.85,14.89
2016-06-13,20.97,21.01,17.89,18.24
2016-06-14,20.5,22.16,20.27,21.28
2016-06-15,20.14,20.45,18.63,20.25
2016-06-16,19.37,22.89,19.24,20.8
2016-06-17,19.41,20.03,18.71,19.42
2016-06-20,18.37,18.55,16.59,17.42
2016-06-21,18.48,18.96,16.91,17.67
2016-06-22,21.17,21.22,17.83,18.26
2016-06-23,17.25,19.79,17.25,19.54
2016-06-24,25.76,26.24,19.48,26.06
2016-06-27,23.85,26.72,22.93,24.38
2016-06-28,18.75,22.07,18.75,21.76
2016-06-29,16.64,18.27,16.48,18.12
2016-06-30,15.63,16.99,15.29,16.91
2016-07-01,14.77,15.86,14.61,15.59
2016-07-04,14.77,15.86,14.61,15.59
2016-07-05,15.58,16.62,15.49,16.05
2016-07-06,14.96,17.04,14.96,15.87
2016-07-07,14.76,15.98,14.33,14.8
2016-07-08,13.2,14.75,13.19,14.64
2016-07-11,13.54,13.67,13,13.25
2016-07-12,13.55,13.93,12.75,12.93
2016-07-13,13.04,13.79,12.92,13.32
2016-07-14,12.82,13.37,12.14,12.5
2016-07-15,12.67,13.22,12.27,13.12
2016-07-18,12.44,13.12,12.33,12.75
2016-07-19,11.97,12.83,11.94,12.53
2016-07-20,11.77,11.97,11.4,11.94
2016-07-21,12.74,13.06,11.69,11.8
2016-07-22,12.02,12.88,11.97,12.8
2016-07-25,12.87,13.72,12.39,12.64
2016-07-26,13.05,13.5,12.8,12.88
2016-07-27,12.83,13.74,12.5,12.61
2016-07-28,12.72,13.52,12.36,12.51
2016-07-29,11.87,12.9,11.77,12.85
2016-08-01,12.44,12.98,11.86,11.89
2016-08-02,13.37,14.24,12.35,12.39
2016-08-03,12.86,13.91,12.73,13.53
2016-08-04,12.42,12.98,11.79,12.73
2016-08-05,11.39,12.26,11.18,12.08
2016-08-08,11.5,11.78,11.41,11.66
2016-08-09,11.66,11.92,11.02,11.4
2016-08-10,12.05,12.5,11.37,11.55
2016-08-11,11.68,12.11,11.38,11.93
2016-08-12,11.55,12,11.28,11.61
2016-08-15,11.81,12.17,11.58,11.81
2016-08-16,12.64,12.78,11.87,12.04
2016-08-17,12.19,13.71,12.14,12.57
2016-08-18,11.43,12.53,11.42,12.2
2016-08-19,11.34,12.28,11.33,11.67
2016-08-22,12.27,13.02,11.94,12.53
2016-08-23,12.38,12.44,11.72,12.15
2016-08-24,13.45,14.01,12.3,12.7
2016-08-25,13.63,14.09,13.29,13.62
2016-08-26,13.65,14.93,12.13,13.54
2016-08-29,12.94,14.43,12.9,14.09
2016-08-30,13.12,13.6,12.7,12.94
2016-08-31,13.42,14.34,12.97,13.14
2016-09-01,13.48,14.61,12.99,13.07
2016-09-02,11.98,13.9,11.9,13.47
2016-09-05,11.98,13.9,11.9,13.47
2016-09-06,12.02,12.93,11.85,12.42
2016-09-07,11.94,12.45,11.77,11.89
2016-09-08,12.51,12.6,11.65,11.74
2016-09-09,17.5,17.54,12.52,12.52
2016-09-12,15.16,20.51,14.76,20.13
2016-09-13,17.85,18.97,15.83,15.98
2016-09-14,18.14,18.14,16.34,17.63
2016-09-15,16.3,18.07,15.74,17.97
2016-09-16,15.37,17.1,15.28,16.41
2016-09-19,15.53,15.96,14.6,15.14
2016-09-20,15.92,16.09,14.69,14.98
2016-09-21,13.3,15.65,12.98,15.07
2016-09-22,12.02,13.39,11.76,13.39
2016-09-23,12.29,12.58,11.93,12
2016-09-26,14.5,14.63,13.26,13.26
2016-09-27,13.1,14.76,12.97,13.36
2016-09-28,12.39,13.57,12.24,12.9
2016-09-29,14.02,15.69,12.14,12.53
2016-09-30,13.29,15.2,12.53,14.91
2016-10-03,13.57,14.42,13.42,13.75
2016-10-04,13.63,14.57,12.92,13.4
2016-10-05,12.99,13.68,12.7,13.56
2016-10-06,12.84,13.84,12.8,13.11
2016-10-07,13.48,14.15,12.21,13.52
2016-10-10,13.38,14.36,13.29,14.19
2016-10-11,15.36,16.47,13.69,13.71
2016-10-12,15.91,16.34,15.26,15.53
2016-10-13,16.69,17.95,16.14,16.88
2016-10-14,16.12,16.5,15.25,16.49
2016-10-17,16.21,17.11,16.13,17.01
2016-10-18,15.28,15.85,15.03,15.82
2016-10-19,14.41,15.68,13.87,15.45
2016-10-20,13.75,14.72,13.74,14.43
2016-10-21,13.34,14.53,13.27,14.04
2016-10-24,13.02,13.26,12.83,13.19
2016-10-25,13.46,13.86,12.73,12.91
2016-10-26,14.24,14.8,13.66,13.66
2016-10-27,15.36,15.43,13.6,14.37
2016-10-28,16.19,17.35,14.65,15.67
2016-10-31,17.06,17.63,16.25,16.31
2016-11-01,18.56,20.43,16.51,16.54
2016-11-02,19.32,19.82,18.56,19.09
2016-11-03,22.08,22.57,18.84,19.85
2016-11-04,22.51,23.01,19.2,21.86
2016-11-07,18.71,19.86,18.39,19.78
2016-11-08,18.74,19.91,17.7,18.92
2016-11-09,14.38,21.48,14.33,20.7
2016-11-10,14.74,16.3,13.26,14.01
2016-11-11,14.17,16,14.15,14.83
2016-11-14,14.48,15.56,14.39,14.69
2016-11-15,13.37,14.65,13.3,14.16
2016-11-16,13.72,14.49,13.51,13.51
2016-11-17,13.35,13.55,12.97,13.37
2016-11-18,12.85,13.74,12.85,13.56
2016-11-21,12.42,13.44,12.16,13.27
2016-11-22,12.41,12.83,12.2,12.26
2016-11-23,12.43,13.01,12.19,12.34
2016-11-24,12.43,13.01,12.19,12.34
2016-11-25,12.34,12.74,12.31,12.52
2016-11-28,13.15,13.5,12.74,13.4
2016-11-29,12.9,13.55,12.62,13.07
2016-11-30,13.33,13.42,12.23,12.6
2016-12-01,14.07,14.72,13.05,13.4
2016-12-02,14.12,14.48,12.39,14.16
2016-12-05,12.14,13.77,12.14,13.75
2016-12-06,11.79,12.3,11.54,12.19
2016-12-07,12.22,12.24,11.33,11.59
2016-12-08,12.64,13.4,11.3,12.1
2016-12-09,11.75,12.72,11.67,12.59
2016-12-12,12.64,12.78,12.07,12.23
2016-12-13,12.72,13.42,12.34,12.46
2016-12-14,13.19,13.39,12.48,12.88
2016-12-15,12.79,13.24,12.46,13.07
2016-12-16,12.2,12.95,12.15,12.88
2016-12-19,11.71,12.52,11.67,12.5
2016-12-20,11.45,11.75,11.38,11.65
2016-12-21,11.27,11.49,10.93,11.44
2016-12-22,11.43,11.67,11.14,11.32
2016-12-23,11.44,11.81,11.35,11.38
2016-12-26,11.44,11.81,11.35,11.38
2016-12-27,11.99,12.33,11.84,12.26
2016-12-28,12.95,13.04,11.85,11.89
2016-12-29,13.37,13.71,12.95,13.15
2016-12-30,14.04,14.68,13.05,13.2
2017-01-02,14.04,14.68,13.05,13.2
2017-01-03,12.85,14.07,12.85,14.07
2017-01-04,11.85,12.8,11.63,12.78
2017-01-05,11.67,12.09,11.4,11.96
2017-01-06,11.32,11.74,10.98,11.7
2017-01-09,11.56,12.08,11.46,11.71
2017-01-10,11.49,11.79,11.31,11.59
2017-01-11,11.26,12.23,11.21,11.56
2017-01-12,11.54,12.6,11.32,11.48
2017-01-13,11.23,11.62,10.94,11.45
2017-01-16,11.23,11.62,10.94,11.45
2017-01-17,11.87,12.75,11.79,12.2
2017-01-18,12.48,12.81,11.69,11.79
2017-01-19,12.78,13.28,12.17,12.58
2017-01-20,11.54,12.59,11.53,12.58
2017-01-23,11.77,12.62,11.59,12.3
2017-01-24,11.07,11.89,11.04,11.82
2017-01-25,10.81,11.05,10.51,10.79
2017-01-26,10.63,11.01,10.6,10.61
2017-01-27,10.58,10.82,10.3,10.57
2017-01-30,11.88,12.9,11.1,11.1
2017-01-31,11.99,12.99,11.79,12.29
2017-02-01,11.81,12.05,9.97,11.79
2017-02-02,11.93,12.47,11.62,12.37
2017-02-03,10.97,11.84,10.72,11.84
2017-02-06,11.37,11.84,11.09,11.37
2017-02-07,11.29,11.67,11.06,11.39
2017-02-08,11.45,11.82,11.15,11.19
2017-02-09,10.88,11.53,10.74,11.44
2017-02-10,10.85,10.95,10.55,10.85
2017-02-13,11.07,11.4,11.07,11.36
2017-02-14,10.74,11.34,10.73,11.17
2017-02-15,11.97,12.01,10.8,10.84
2017-02-16,11.76,12.86,11.69,12.02
2017-02-17,11.49,12.26,11.37,11.84
2017-02-20,11.49,12.26,11.37,11.84
2017-02-21,11.57,12.09,11.5,12.05
2017-02-22,11.74,12.07,11.44,11.48
2017-02-23,11.71,12.46,11.54,11.66
2017-02-24,11.47,12.59,11.34,11.81
2017-02-27,12.09,12.14,11.53,11.78
2017-02-28,12.92,12.96,12.13,12.19
2017-03-01,12.54,12.58,11.78,12.31
2017-03-02,11.81,12.71,11.32,12.43
2017-03-03,10.96,11.97,10.94,11.96
2017-03-06,11.24,11.72,11.06,11.59
2017-03-07,11.45,11.58,11.04,11.27
2017-03-08,11.86,11.86,11.09,11.49
2017-03-09,12.3,12.43,11.62,11.75
2017-03-10,11.66,12.09,11.46,11.97
2017-03-13,11.35,12.23,11.29,12.16
2017-03-14,12.3,12.54,11.28,11.39
2017-03-15,11.63,12.25,10.6,12.12
2017-03-16,11.21,11.55,11.16,11.29
2017-03-17,11.28,11.38,10.78,11.38
2017-03-20,11.34,11.72,11.03,11.71
2017-03-21,12.47,12.85,10.92,11.15
2017-03-22,12.81,13.16,11.99,12.95
2017-03-23,13.12,13.17,12.18,12.65
2017-03-24,12.96,14.16,12.27,12.86
2017-03-27,12.5,15.11,12.48,14.78
2017-03-28,11.53,12.67,11.34,12.44
2017-03-29,11.42,11.7,11.03,11.54
2017-03-30,11.54,11.64,11.12,11.37
2017-03-31,12.37,12.54,11.5,11.61
2017-04-03,12.38,13.59,12.27,12.59
2017-04-04,11.79,13.07,11.7,12.71
2017-04-05,12.89,12.89,10.9,11.89
2017-04-06,12.39,13.22,11.7,13.11
2017-04-07,12.87,13.43,12.23,13.17
2017-04-10,14.05,14.11,12.94,13.24
2017-04-11,15.07,15.88,14.17,14.32
2017-04-12,15.77,16.16,14.84,15.16
2017-04-13,15.96,16.22,14.97,15.89
2017-04-14,15.96,16.22,14.97,15.89
2017-04-17,14.66,16.28,14.6,16.19
2017-04-18,14.42,15.5,14.29,14.5
2017-04-19,14.93,15.15,13.46,14
2017-04-20,14.15,14.81,13.83,14.59
2017-04-21,14.63,15.33,13.85,13.85
2017-04-24,10.84,12.01,10.82,11.56
2017-04-25,10.76,11.15,10.22,10.81
2017-04-26,10.85,10.89,10.39,10.61
2017-04-27,10.36,11.08,10.33,10.72
2017-04-28,10.82,11.16,10.29,10.39
2017-05-01,10.11,11.04,9.9,10.92
2017-05-02,10.59,10.59,10.14,10.16
2017-05-03,10.68,11.15,10.4,10.56
2017-05-04,10.46,11.24,10.27,10.71
2017-05-05,10.57,10.98,9.99,10.51
2017-05-08,9.77,10.55,9.67,10.53
2017-05-09,9.96,10.14,9.56,9.87
2017-05-10,10.21,10.24,9.62,9.75
2017-05-11,10.6,11.23,10.32,10.34
2017-05-12,10.4,10.87,10.28,10.72
2017-05-15,10.42,10.88,10.25,10.54
2017-05-16,10.65,10.67,10.18,10.46
2017-05-17,15.59,15.59,11.53,11.89
2017-05-18,14.66,16.3,14.03,14.06
2017-05-19,12.04,14.23,11.72,14.23
2017-05-22,10.93,12.52,10.89,12.29
2017-05-23,10.72,11,10.56,11
2017-05-24,10.02,10.9,9.88,10.61
2017-05-25,9.99,10.29,9.72,9.82
2017-05-26,9.81,10.48,9.65,9.93
2017-05-29,9.81,10.48,9.65,9.93
2017-05-30,10.38,10.84,10.14,10.61
2017-05-31,10.41,11.3,9.93,10.1
2017-06-01,9.89,10.54,9.69,10.42
2017-06-02,9.75,10.3,9.58,10.08
2017-06-05,10.07,10.28,9.6,10.08
2017-06-06,10.45,10.77,9.86,10.19
2017-06-07,10.39,10.93,10.12,10.48
2017-06-08,10.16,10.53,9.73,10.27
2017-06-09,10.7,12.11,9.37,9.93
2017-06-12,11.46,12.37,11.19,11.19
2017-06-13,10.42,11.14,10.26,11.12
2017-06-14,10.64,11.26,10.01,10.33
2017-06-15,10.9,12.01,10.74,11.06
2017-06-16,10.38,11.35,10.26,10.63
2017-06-19,10.37,10.6,10.01,10.57
2017-06-20,10.86,11.15,10.24,10.28
2017-06-21,10.75,11.4,10.4,11.03
2017-06-22,10.48,11.01,10.24,10.81
2017-06-23,10.02,10.69,9.85,10.25
2017-06-26,9.9,10.44,9.68,10.13
2017-06-27,11.06,11.31,9.8,10.04
2017-06-28,10.03,11.49,9.76,11.17
2017-06-29,11.44,15.16,9.73,9.79
2017-06-30,11.18,11.85,10.4,11.74
2017-07-03,11.22,11.45,10.28,11.07
2017-07-04,11.22,11.45,10.28,11.07
2017-07-05,11.07,12.03,10.79,11.2
2017-07-06,12.54,13.05,11.18,11.2
2017-07-07,11.19,12.57,10.98,12.48
2017-07-10,11.11,11.73,10.61,11.26
2017-07-11,10.89,12.14,10.68,10.79
2017-07-12,10.3,10.85,10.08,10.85
2017-07-13,9.9,10.4,9.9,10.07
2017-07-14,9.51,10.14,9.5,10.09
2017-07-17,9.82,10.03,9.71,9.77
2017-07-18,9.89,10.35,9.66,9.86
2017-07-19,9.79,9.94,9.58,9.69
2017-07-20,9.58,10.28,9.5,9.66
2017-07-21,9.36,9.98,9.3,9.52
2017-07-24,9.43,9.97,9.26,9.94
2017-07-25,9.43,9.52,9.04,9.4
2017-07-26,9.6,9.66,8.84,9.25
2017-07-27,10.11,11.5,9.16,9.33
2017-07-28,10.29,11.3,10.26,10.62
2017-07-31,10.26,10.84,10.23,10.53
2017-08-01,10.09,10.56,9.95,10.19
2017-08-02,10.28,10.81,9.8,10.08
2017-08-03,10.44,10.6,9.9,10.47
2017-08-04,10.03,10.5,9.68,10.48
2017-08-07,9.93,10.32,9.76,10.19
2017-08-08,10.96,11.52,9.52,10.04
2017-08-09,11.11,12.63,11.11,11.49
2017-08-10,16.04,16.17,11.56,11.57
2017-08-11,15.51,17.28,14.5,16.17
2017-08-14,12.33,14.05,12.06,14.05
2017-08-15,12.04,12.37,11.45,11.78
2017-08-16,11.74,12.54,11.25,11.59
2017-08-17,15.55,15.77,11.54,11.81
2017-08-18,14.26,16.04,13.32,15.38
2017-08-21,13.19,14.74,13.07,14.59
2017-08-22,11.35,12.94,11.35,12.6
2017-08-23,12.25,12.59,11.39,11.51
2017-08-24,12.23,12.83,11.55,12.06
2017-08-25,11.28,12.45,11.1,12.2
2017-08-28,11.32,12.11,11.23,12.09
2017-08-29,11.7,14.34,11.48,13.33
2017-08-30,11.22,11.98,10.96,11.4
2017-08-31,10.59,11.22,10.34,11.07
2017-09-01,10.13,10.46,10.02,10.33
2017-09-04,10.13,10.46,10.02,10.33
2017-09-05,12.23,14.06,11.41,11.75
2017-09-06,11.63,12.59,11.35,12.27
2017-09-07,11.55,12.07,11.32,11.93
2017-09-08,12.12,12.6,11.84,11.87
2017-09-11,10.73,11.39,10.51,11.38
2017-09-12,10.58,10.95,10.29,10.66
2017-09-13,10.5,10.86,10.33,10.72
2017-09-14,10.44,11.04,10.28,10.57
2017-09-15,10.17,10.74,10,10.51
2017-09-18,10.15,10.42,9.88,10.18
2017-09-19,10.18,10.3,9.85,10.16
2017-09-20,9.78,10.67,9.67,10.04
2017-09-21,9.67,10.21,9.54,9.74
2017-09-22,9.59,10.2,9.5,9.9
2017-09-25,10.21,11.21,9.79,10.08
2017-09-26,10.17,10.68,9.94,10.42
2017-09-27,9.87,10.42,9.63,9.9
2017-09-28,9.55,10.13,9.55,9.74
2017-09-29,9.51,9.83,9.36,9.59
2017-10-02,9.45,10.04,9.37,9.59
2017-10-03,9.51,9.75,9.3,9.3
2017-10-04,9.63,9.88,9.53,9.53
2017-10-05,9.19,9.62,9.13,9.48
2017-10-06,9.65,10.27,9.11,9.23
2017-10-09,10.33,10.53,9.88,9.92
2017-10-10,10.08,10.66,9.94,10.15
2017-10-11,9.85,10.38,9.72,9.95
2017-10-12,9.91,10.33,9.65,9.94
2017-10-13,9.61,9.98,9.44,9.95
2017-10-16,9.91,10.02,9.75,9.95
2017-10-17,10.31,10.46,9.78,9.85
2017-10-18,10.07,10.41,9.87,10.34
2017-10-19,10.05,11.77,9.99,10.22
2017-10-20,9.97,10.04,9.29,9.92
2017-10-23,11.07,11.08,9.94,10.25
2017-10-24,11.16,11.16,10.39,10.89
2017-10-25,11.23,13.2,10.99,11.34
2017-10-26,11.3,11.81,10.6,11.17
2017-10-27,9.8,11.12,9.74,11.12
2017-10-30,10.5,10.89,10.1,10.28
2017-10-31,10.18,10.37,9.9,10.34
2017-11-01,10.2,10.49,9.74,9.79
2017-11-02,9.93,10.89,9.67,10.44
2017-11-03,9.14,9.91,8.99,9.83
2017-11-06,9.4,9.74,9.38,9.63
2017-11-07,9.89,10.31,9.29,9.31
2017-11-08,9.78,10.27,9.5,9.79
2017-11-09,10.5,12.19,9.79,9.94
2017-11-10,11.29,11.58,10.5,10.78
2017-11-13,11.5,12.18,11,11.43
2017-11-14,11.59,12.61,11.45,11.53
2017-11-15,13.13,14.51,12.33,12.52
2017-11-16,11.76,12.52,11.38,12.47
2017-11-17,11.43,12.01,11.16,11.75
2017-11-20,10.65,12.08,10.44,11.96
2017-11-21,9.73,10.78,9.67,10.74
2017-11-22,9.88,9.88,9.32,9.6
2017-11-23,9.88,9.88,9.32,9.6
2017-11-24,9.67,9.96,8.56,9.82
2017-11-27,9.87,10.26,9.79,10.07
2017-11-28,10.03,10.31,9.53,9.72
2017-11-29,10.7,10.93,9.81,9.91
2017-11-30,11.28,12.05,10.25,10.49
2017-12-01,11.43,14.58,10.54,11.19
2017-12-04,11.68,11.86,10.26,11.05
2017-12-05,11.33,11.67,10.65,11.38
2017-12-06,11.02,11.68,10.86,11.63
2017-12-07,10.16,11.32,10.12,10.9
2017-12-08,9.58,10.06,9.43,10
2017-12-11,9.34,10.08,9.28,9.74
2017-12-12,9.92,9.92,9.21,9.36
2017-12-13,10.18,10.21,9.65,9.78
2017-12-14,10.49,10.54,9.78,9.98
2017-12-15,9.42,10.2,9.22,10.12
2017-12-18,9.53,9.89,9.24,9.46
2017-12-19,10.03,10.15,9.18,9.4
2017-12-20,9.72,9.85,8.9,9.69
2017-12-21,9.62,9.86,9.2,9.59
2017-12-22,9.9,10.18,9.35,9.37
2017-12-25,9.9,10.18,9.35,9.37
2017-12-26,10.25,10.46,10.13,10.19
2017-12-27,10.47,10.79,9.71,10.04
2017-12-28,10.18,10.44,10.07,10.29
2017-12-29,11.04,11.06,9.95,10.03
2018-01-01,11.04,11.06,9.95,10.03
2018-01-02,9.77,11.07,9.52,10.95
2018-01-03,9.15,9.65,8.94,9.56
2018-01-04,9.22,9.31,8.92,9.01
2018-01-05,9.22,9.54,9,9.1
2018-01-08,9.52,9.89,9.32,9.61
2018-01-09,10.08,10.09,9.37,9.41
2018-01-10,9.82,10.85,9.82,10.11
2018-01-11,9.88,10.02,9.62,9.69
2018-01-12,10.16,10.31,9.54,9.74
2018-01-15,10.16,10.31,9.54,9.74
2018-01-16,11.66,12.41,10.4,10.42
2018-01-17,11.91,12.81,11.18,11.35
2018-01-18,12.22,12.4,11.62,12.01
2018-01-19,11.27,12.33,11.18,12.3
2018-01-22,11.03,11.62,10.84,11.59
2018-01-23,11.1,11.57,10.76,10.77
2018-01-24,11.47,12.19,10.89,11
2018-01-25,11.58,12.01,11.2,11.27
2018-01-26,11.08,11.6,11.08,11.4
2018-01-29,13.84,13.84,11.68,11.71
2018-01-30,14.79,15.42,13.88,13.93
2018-01-31,13.54,14.44,13.41,14.23
2018-02-01,13.47,14.3,12.5,13.05
2018-02-02,17.31,17.86,13.64,13.64
2018-02-05,37.32,38.8,16.8,18.44
2018-02-06,29.98,50.3,22.42,37.32
2018-02-07,27.73,31.64,21.17,31.38
2018-02-08,33.46,36.17,24.41,27.29
2018-02-09,29.06,41.06,27.73,32.18
2018-02-12,25.61,29.7,24.42,27.25
2018-02-13,24.97,27.82,24.47,26.94
2018-02-14,19.26,25.72,18.99,23.48
2018-02-15,19.13,20.66,17.6,18.39
2018-02-16,19.46,20.99,17.44,18.74
2018-02-19,19.46,20.99,17.44,18.74
2018-02-20,20.6,21.61,19.75,20.53
2018-02-21,20.02,21.04,16.97,20.76
2018-02-22,18.72,20.61,18.07,20.57
2018-02-23,16.49,18.8,16.47,17.96
2018-02-26,15.8,16.94,15.8,16.53
2018-02-27,18.59,18.98,15.29,15.83
2018-02-28,19.85,20.44,15.65,18.08
2018-03-01,22.47,25.3,19.57,19.96
2018-03-02,19.59,26.22,19.36,22.47
2018-03-05,18.73,21.57,17.94,21.55
2018-03-06,18.36,19.64,17.68,18.25
2018-03-07,17.76,20.49,17.52,20.11
2018-03-08,16.54,17.68,14.91,17.56
2018-03-09,14.64,16.75,13.31,16.41
2018-03-12,15.78,16.35,15.18,15.28
2018-03-13,16.35,16.98,15.03,15.7
2018-03-14,17.23,17.59,14.94,16.59
2018-03-15,16.59,17.41,15.96,16.99
2018-03-16,15.8,16.72,15.23,16.6
2018-03-19,19.02,21.87,16.56,16.63
2018-03-20,18.2,19.31,18.09,18.38
2018-03-21,17.86,18.37,16.26,17.76
2018-03-22,23.34,23.81,18.12,18.13
2018-03-23,24.87,26.01,21.63,24.02
2018-03-26,21.03,24.54,20.71,23.41
2018-03-27,22.5,24.06,19.84,20.33
2018-03-28,22.87,24.94,21.71,22.52
2018-03-29,19.97,23.05,19.6,22.87
2018-03-30,19.97,23.05,19.6,22.87
2018-04-02,23.62,25.72,20.44,21.07
2018-04-03,21.1,23.38,20.92,23.03
2018-04-04,20.06,24.51,19.86,21.68
2018-04-05,18.94,20.21,18.57,19.76
2018-04-06,21.49,23.12,18.6,20.33
2018-04-09,21.77,22.02,20.34,21.27
2018-04-10,20.47,21.68,20.24,20.51
2018-04-11,20.24,21.66,19.64,20.95
2018-04-12,18.49,19.92,18.16,19.83
2018-04-13,17.41,18.45,17.26,18.27
2018-04-16,16.56,17.66,16.38,17.59
2018-04-17,15.25,16.27,14.57,16.16
2018-04-18,15.6,16.9,14.95,15.3
2018-04-19,15.96,16.92,15.16,15.55
2018-04-20,16.88,17.5,15.19,16.16
2018-04-23,16.34,17.56,15.79,17.29
2018-04-24,18.02,19.66,15.37,16.16
2018-04-25,17.84,19.84,17.75,18.14
2018-04-26,16.24,18.12,16.24,18.07
2018-04-27,15.41,16.77,15.25,16.22
2018-04-30,15.93,16.35,15.13,15.39
2018-05-01,15.49,16.82,15.42,15.78
2018-05-02,15.97,15.97,14.75,15.48
2018-05-03,15.9,18.66,15.43,15.78
2018-05-04,14.77,16.92,10.91,15.94
2018-05-07,14.75,15.52,14.51,15.32
2018-05-08,14.71,15.56,14.52,14.53
2018-05-09,13.42,14.63,13.38,14.54
2018-05-10,13.23,13.63,12.92,13.36
2018-05-11,12.65,13.44,12.65,13.22
2018-05-14,12.93,13.28,12.81,12.95
2018-05-15,14.63,15.01,12.5,13.13
2018-05-16,13.42,14.91,13.21,14.38
2018-05-17,13.43,13.86,12.65,13.54
2018-05-18,13.42,13.87,13.06,13.18
2018-05-21,13.08,13.59,12.78,13.44
2018-05-22,13.22,13.42,12.77,13.03
2018-05-23,12.58,14.6,12.49,13.5
2018-05-24,12.53,14.24,12.53,12.73
2018-05-25,13.22,13.52,12.29,12.44
2018-05-28,13.22,13.52,12.29,12.44
2018-05-29,17.02,18.78,14.39,14.39
2018-05-30,14.94,16.64,14.65,16.6
2018-05-31,15.43,16.29,14.2,14.93
2018-06-01,13.46,14.93,13.37,14.92
2018-06-04,12.74,13.91,12.69,13.91
2018-06-05,12.4,13.34,12.3,12.91
2018-06-06,11.64,12.56,11.62,12.1
2018-06-07,12.13,13.28,11.22,11.66
2018-06-08,12.18,13.31,12.09,12.54
2018-06-11,12.35,12.69,12.14,12.52
2018-06-12,12.34,12.6,11.88,12.29
2018-06-13,12.94,12.95,11.98,12.13
2018-06-14,12.12,13.07,11.88,12.98
2018-06-15,11.98,13.16,11.93,12.19
2018-06-18,12.31,13.74,12.28,12.79
2018-06-19,13.35,14.68,13.21,14.61
2018-06-20,12.79,13.02,12.25,12.9
2018-06-21,14.64,15.18,12.18,12.54
2018-06-22,13.77,14.6,13.11,14.6
2018-06-25,17.33,19.61,14.56,15.07
2018-06-26,15.92,17.54,15.1,16.71
2018-06-27,17.91,18.19,14.76,16.52
2018-06-28,16.85,18.99,16.4,17.54
2018-06-29,16.09,16.51,14.66,15.73
2018-07-02,15.6,18.08,15.54,17.7
2018-07-03,16.14,16.45,14.68,15.37
2018-07-04,16.14,16.45,14.68,15.37
2018-07-05,14.97,16.22,14.47,15.62
2018-07-06,13.37,15.45,13.34,14.99
2018-07-09,12.69,13.45,12.6,13.42
2018-07-10,12.64,13.21,11.93,12.52
2018-07-11,13.63,14.15,13.09,14.05
2018-07-12,12.58,13.33,12.42,13.07
2018-07-13,12.18,12.97,11.62,12.39
2018-07-16,12.83,12.97,12.13,12.46
2018-07-17,12.06,13.18,11.85,12.91
2018-07-18,12.1,12.47,11.44,11.87
2018-07-19,12.87,13.09,11.79,12.2
2018-07-20,12.86,13.58,12.49,13
2018-07-23,12.62,13.55,12.58,13.47
2018-07-24,12.41,13.21,11.66,12.61
2018-07-25,12.29,12.82,11.8,12.37
2018-07-26,12.14,12.53,11.78,12.45
2018-07-27,13.03,14.26,11.6,12.17
2018-07-30,14.26,14.46,12.98,13.63
2018-07-31,12.83,14.12,12.81,13.98
2018-08-01,13.15,13.63,12.45,13.09
2018-08-02,12.19,14.53,12.17,13.57
2018-08-03,11.64,12.46,11.07,12.43
2018-08-06,11.27,12.15,11.17,11.91
2018-08-07,10.93,11.24,10.52,11.12
2018-08-08,10.85,11.18,10.52,10.93
2018-08-09,11.27,11.31,10.17,10.94
2018-08-10,13.16,13.82,11.59,11.82
2018-08-13,14.78,15.02,12.95,14.5
2018-08-14,13.31,14.22,13.11,13.93
2018-08-15,14.64,16.86,13.44,13.52
2018-08-16,13.45,14.36,12.82,14.18
2018-08-17,12.64,13.96,12.4,13.18
2018-08-20,12.49,12.79,12.26,12.57
2018-08-21,12.86,12.89,12.09,12.47
2018-08-22,12.25,13.29,11.97,13.09
2018-08-23,12.41,12.68,11.65,12.03
2018-08-24,11.99,12.17,11.83,12.13
2018-08-27,12.16,12.48,12.02,12.37
2018-08-28,12.5,12.5,11.87,12.01
2018-08-29,12.25,12.55,12.09,12.34
2018-08-30,13.53,13.95,12.24,12.25
2018-08-31,12.86,14.03,12.82,13.54
2018-09-03,12.86,14.03,12.82,13.54
2018-09-04,13.16,14.35,13.12,13.13
2018-09-05,13.91,14.3,13.23,13.69
2018-09-06,14.65,15.41,13.72,14.21
2018-09-07,14.88,15.63,14.31,14.72
2018-09-10,14.16,15.2,13.93,15.09
2018-09-11,13.22,14.92,13.21,13.96
2018-09-12,13.14,13.86,12.91,13.07
2018-09-13,12.37,12.91,12.3,12.91
2018-09-14,12.07,13.15,11.93,12.13
2018-09-17,13.68,13.75,12.32,12.72
2018-09-18,12.79,13.48,12.56,13.48
2018-09-19,11.75,12.77,11.66,12.61
2018-09-20,11.8,11.96,11.31,11.82
2018-09-21,11.68,12.03,11.1,11.76
2018-09-24,12.2,12.92,12.18,12.46
2018-09-25,12.42,12.6,11.8,12.28
2018-09-26,12.89,13.13,11.55,12.21
2018-09-27,12.41,13,11.94,12.77
2018-09-28,12.12,13.22,12.09,12.59
2018-10-01,12,12.4,11.57,11.99
2018-10-02,12.05,12.69,11.61,12.47
2018-10-03,11.61,12.14,11.34,11.66
2018-10-04,14.22,15.84,12.42,12.84
2018-10-05,14.82,17.36,11.72,14.29
2018-10-08,15.69,18.38,15.69,16.05
2018-10-09,15.95,17.49,15.27,16.12
2018-10-10,22.96,22.96,15.83,16.03
2018-10-11,24.98,28.84,20.65,23.07
2018-10-12,21.31,26.8,20.88,21.63
2018-10-15,21.3,22.89,19.47,21.97
2018-10-16,17.62,20.56,17.55,20.28
2018-10-17,17.4,19.55,17.06,17.06
2018-10-18,20.06,21.57,17.51,18.02
2018-10-19,19.89,21.08,18.39,19.24
2018-10-22,19.64,20.89,18.82,19.38
2018-10-23,20.71,24.66,20.18,22.18
2018-10-24,25.23,26.38,20.4,21.6
2018-10-25,24.22,24.78,22.06,24.78
2018-10-26,24.16,27.52,23.33,24.51
2018-10-29,24.7,27.86,22.01,24.48
2018-10-30,23.35,25.55,23.11,23.94
2018-10-31,21.23,22.8,20.39,22.72
2018-11-01,19.34,21.21,19.03,20.96
2018-11-02,19.51,21.61,18.05,18.52
2018-11-05,19.96,20.87,19.64,20.58
2018-11-06,19.91,20.6,19.69,19.84
2018-11-07,16.36,18.05,16.33,18.03
2018-11-08,16.72,17.2,16.09,16.18
2018-11-09,17.36,18.41,16.84,16.87
2018-11-12,20.45,20.71,17.25,17.26
2018-11-13,20.02,21.25,19.11,19.45
2018-11-14,21.25,22.36,19.3,20.52
2018-11-15,19.98,22.97,19.94,20.41
2018-11-16,18.14,21.36,18.1,20.04
2018-11-19,20.1,20.99,18.52,18.78
2018-11-20,22.48,23.81,20.37,20.76
2018-11-21,20.8,22.31,20.11,21.66
2018-11-22,20.8,22.31,20.11,21.66
2018-11-23,21.52,22.65,20.65,21.23
2018-11-26,18.9,20.8,18.67,20.78
2018-11-27,19.02,19.93,18.7,19.41
2018-11-28,18.49,19.38,18.18,18.87
2018-11-29,18.79,20.48,18.59,18.65
2018-11-30,18.07,19.91,18.03,19.18
2018-12-03,16.44,17.28,15.94,16.04
2018-12-04,20.74,21.94,16.26,16.84
2018-12-05,20.74,21.94,16.26,16.84
2018-12-06,21.19,25.94,20.94,23.53
2018-12-07,23.23,24.71,19.9,22.42
2018-12-10,22.64,25.94,22.5,23.95
2018-12-11,21.76,23.6,21.39,22.96
2018-12-12,21.46,21.91,20.5,21.91
2018-12-13,20.65,21.57,20.34,21
2018-12-14,21.63,22.47,20.95,21.57
2018-12-17,24.52,25.88,21.97,22.36
2018-12-18,25.58,26.14,23.64,24.68
2018-12-19,25.58,26.64,22.5,25.15
2018-12-20,28.38,30.3,24.68,26.09
2018-12-21,30.11,31.35,25.71,28.24
2018-12-24,36.07,36.1,29.16,29.29
2018-12-25,36.07,36.1,29.16,29.29
2018-12-26,30.41,36.2,29.59,35.5
2018-12-27,29.96,33.8,29.66,31.2
2018-12-28,28.34,31.05,27.43,29.97
2018-12-31,25.42,27.64,25.33,27.59
2019-01-01,25.42,27.64,25.33,27.59
2019-01-02,23.22,28.53,23.05,27.54
2019-01-03,25.45,26.6,24.05,25.68
2019-01-04,21.38,24.48,21.19,24.36
2019-01-07,21.4,22.71,20.91,22.06
2019-01-08,20.47,22.03,20.09,20.96
2019-01-09,19.98,22.8,19.48,20.44
2019-01-10,19.5,21.32,19.29,20.98
2019-01-11,18.19,20.16,18.12,19.68
2019-01-14,19.07,20.27,18.7,19.84
2019-01-15,18.6,19.2,17.98,18.53
2019-01-16,19.04,19.04,17.76,18.08
2019-01-17,18.06,19.72,17.85,19.51
2019-01-18,17.8,18.18,17.17,17.8
2019-01-21,17.8,18.18,17.17,17.8
2019-01-22,20.8,21.15,18.2,18.53
2019-01-23,19.52,22.02,19.47,20.85
2019-01-24,18.89,20.25,18.63,19.69
2019-01-25,17.42,18.46,17.31,18.43
2019-01-28,18.87,20.42,18.42,18.56
2019-01-29,19.13,19.93,18.42,19.45
2019-01-30,17.66,19.31,17.54,19.15
2019-01-31,16.57,17.72,16.54,17.39
2019-02-01,16.14,16.83,16.08,16.63
2019-02-04,15.73,16.73,15.6,16.72
2019-02-05,15.57,15.94,15.04,15.79
2019-02-06,15.38,15.87,15.09,15.44
2019-02-07,16.37,17.89,15.51,15.66
2019-02-08,15.72,17.63,15.62,16.81
2019-02-11,15.97,16.5,15.34,16.17
2019-02-12,15.43,15.65,14.95,15.23
2019-02-13,15.65,15.91,15,15.46
2019-02-14,16.22,17.27,15.3,15.61
2019-02-15,14.91,16.82,14.79,16.82
2019-02-18,14.91,16.82,14.79,16.82
2019-02-19,14.88,16.16,14.64,15.65
2019-02-20,14.02,15.19,13.99,14.92
2019-02-21,14.46,15.17,13.85,14
2019-02-22,13.51,14.47,13.51,14.46
2019-02-25,14.85,14.9,13.44,13.91
2019-02-26,15.17,15.28,14.52,15.16
2019-02-27,14.7,16.17,14.7,15.53
2019-02-28,14.78,15.24,14.39,15.17
2019-03-01,13.57,14.84,13.41,14.57
2019-03-04,14.63,16.98,13.38,13.77
2019-03-05,14.74,15.39,14.26,14.52
2019-03-06,15.74,16.11,14.74,14.91
2019-03-07,16.59,17.81,15.54,16.33
2019-03-08,16.05,18.33,16.02,17.38
2019-03-11,14.33,16.43,14.33,16.28
2019-03-12,13.77,14.7,13.61,13.97
2019-03-13,13.41,14.05,13.25,14
2019-03-14,13.5,13.84,13.16,13.35
2019-03-15,12.88,13.28,12.5,13.21
2019-03-18,13.1,13.8,13,13.13
2019-03-19,13.56,13.77,12.37,12.89
2019-03-20,13.91,14.3,13.05,13.54
2019-03-21,13.63,14.56,13.26,14.11
2019-03-22,16.48,17.52,13.62,13.77
2019-03-25,16.33,17.85,16.26,17.76
2019-03-26,14.68,16.3,14.67,16.22
2019-03-27,15.15,16.71,14.51,14.52
2019-03-28,14.43,15.62,14.41,15.38
2019-03-29,13.71,14.43,13.64,14.19
2019-04-01,13.4,14.01,13.32,13.9
2019-04-02,13.36,13.68,13.13,13.62
2019-04-03,13.74,14.27,12.85,13.06
2019-04-04,13.58,14.03,13.4,13.84
2019-04-05,12.82,13.47,12.17,13.46
2019-04-08,13.18,13.77,13.1,13.55
2019-04-09,14.28,14.39,13.31,13.46
2019-04-10,13.3,14.29,13.27,14.09
2019-04-11,13.02,13.58,12.91,13.37
2019-04-12,12.01,12.96,11.95,12.96
2019-04-15,12.32,13.14,12.24,12.46
2019-04-16,12.18,12.47,11.85,12.26
2019-04-17,12.6,13.02,11.03,12.12
2019-04-18,12.09,13.12,12.02,12.8
2019-04-19,12.09,13.12,12.02,12.8
2019-04-22,12.42,13.36,12.38,13.21
2019-04-23,12.28,12.69,12.08,12.66
2019-04-24,13.14,13.23,12.26,12.53
2019-04-25,13.25,14.3,12.81,13.29
2019-04-26,12.73,13.62,12.49,13.44
2019-04-29,13.11,13.27,12.65,13.04
2019-04-30,13.12,14.05,12.88,13.11
2019-05-01,14.8,14.83,12.74,12.86
2019-05-02,14.42,15.92,13.8,14.35
2019-05-03,12.87,14.15,12.8,14.11
2019-05-06,15.44,18.8,12.89,12.89
2019-05-07,19.32,21.84,15.8,15.9
2019-05-08,19.4,21.74,18.29,18.95
2019-05-09,19.1,23.38,18.87,21.4
2019-05-10,16.04,20.19,15.57,18.79
2019-05-13,20.55,21.32,18.35,18.62
2019-05-14,18.06,19.65,17.45,19.4
2019-05-15,16.44,19.15,16.41,17.57
2019-05-16,15.29,17.13,15.16,16.69
2019-05-17,15.96,16.81,14.86,15.89
2019-05-20,16.31,17.63,15.46,15.88
2019-05-21,14.95,16.22,14.79,15.86
2019-05-22,14.75,15.44,14.42,15.06
2019-05-23,16.92,18.05,15.28,15.93
2019-05-24,15.85,16.52,15.52,16.34
2019-05-27,15.85,16.52,15.52,16.34
2019-05-28,17.5,17.7,15.9,16.55
2019-05-29,17.9,19.04,17.62,18.55
2019-05-30,17.3,18.11,16.72,17.47
2019-05-31,18.71,19.72,18.01,19.05
2019-06-03,18.86,19.75,18.16,19.41
2019-06-04,16.97,18.74,16.97,18.74
2019-06-05,16.09,17.49,16.04,17.06
2019-06-06,15.93,16.54,15.36,16.25
2019-06-07,16.3,16.44,15.33,15.65
2019-06-10,15.94,16.47,15.84,16.3
2019-06-11,15.99,16.7,15.5,15.84
2019-06-12,15.91,16.43,15.78,16.26
2019-06-13,15.82,16.21,15.61,16.16
2019-06-14,15.28,16.4,15.21,16
2019-06-17,15.35,15.76,15.24,15.61
2019-06-18,15.15,15.54,14.62,14.89
2019-06-19,14.33,15.71,14.15,15.05
2019-06-20,14.75,16.03,13.19,14.04
2019-06-21,15.4,15.48,14.42,14.74
2019-06-24,15.26,15.56,15.23,15.46
2019-06-25,16.28,16.68,15.1,15.43
2019-06-26,16.21,16.6,15.47,16.1
2019-06-27,15.82,16.4,15.66,15.66
2019-06-28,15.08,16.13,15.08,15.7
2019-07-01,14.06,14.64,13.8,13.85
2019-07-02,12.93,14.3,12.9,14.16
2019-07-03,12.57,13.19,12.56,13.18
2019-07-04,12.57,13.19,12.56,13.18
2019-07-05,13.28,14.47,12.04,13
2019-07-08,13.96,14.44,13.64,13.73
2019-07-09,14.09,14.71,13.99,14.47
2019-07-10,13.03,14.69,12.98,14.38
2019-07-11,12.93,13.33,12.39,13.01
2019-07-12,12.39,12.82,12.28,12.76
2019-07-15,12.68,13.02,12.49,12.58
2019-07-16,12.86,13.14,12.28,12.61
2019-07-17,13.97,13.97,12.24,12.62
2019-07-18,13.53,14.5,13.19,14.45
2019-07-19,14.45,14.45,13.09,13.31
2019-07-22,13.53,14.7,13.42,14.55
2019-07-23,12.61,13.52,12.55,13.42
2019-07-24,12.07,13.1,11.98,12.8
2019-07-25,12.74,13.54,11.69,12.24
2019-07-26,12.16,12.72,12.01,12.58
2019-07-29,12.83,13.17,12.15,12.15
2019-07-30,13.94,14.18,12.87,12.87
2019-07-31,16.12,16.55,13.46,13.83
2019-08-01,17.87,19.46,13.73,15.41
2019-08-02,17.61,20.11,17.04,17.69
2019-08-05,24.59,24.81,19.91,19.96
2019-08-06,20.17,22.87,19.77,22.29
2019-08-07,19.49,23.67,18.94,20.7
2019-08-08,16.91,19.89,16.82,19.36
2019-08-09,17.97,19.44,17.31,18.14
2019-08-12,21.09,21.26,17.77,17.87
2019-08-13,17.52,21.64,17.52,21.28
2019-08-14,22.1,22.71,17.75,17.81
2019-08-15,21.18,24.1,20.78,21.58
2019-08-16,18.47,20.5,18.41,20.48
2019-08-19,16.88,18.22,16.52,17.93
2019-08-20,17.5,17.7,16.45,16.78
2019-08-21,15.8,17.04,15.51,17.01
2019-08-22,16.68,17.68,15.63,16.12
2019-08-23,19.87,21.07,16.04,16.15
2019-08-26,19.32,21.33,19.06,20.34
2019-08-27,20.31,21.04,18.49,20.18
2019-08-28,19.35,21.64,19.1,20.55
2019-08-29,17.88,19.2,17.6,19.02
2019-08-30,18.98,19.18,17.09,17.94
2019-09-02,18.98,19.18,17.09,17.94
2019-09-03,19.66,21.15,19.41,20.96
2019-09-04,17.33,18.83,17.26,18.23
2019-09-05,16.27,17.05,15.45,16.92
2019-09-06,15,16.06,14.91,15.92
2019-09-09,15.27,16.13,14.95,15.26
2019-09-10,15.2,16.52,15.11,15.53
2019-09-11,14.61,15.52,14.55,15.33
2019-09-12,14.22,14.94,13.85,14.69
2019-09-13,13.74,14.31,13.51,14.16
2019-09-16,14.67,15.29,14.5,14.89
2019-09-17,14.44,15.03,14.4,14.92
2019-09-18,13.95,15.8,13.8,14.61
2019-09-19,14.05,14.66,13.31,14.66
2019-09-20,15.32,15.84,13.35,13.94
2019-09-23,14.91,16,14.71,15.35
2019-09-24,17.05,17.62,14.33,14.77
2019-09-25,15.96,18.45,15.69,17.05
2019-09-26,16.07,17.09,15.35,16.23
2019-09-27,17.22,18.69,15.15,15.77
2019-09-30,16.24,17.35,16.2,17.23
2019-10-01,18.56,18.62,15.79,16.02
2019-10-02,20.56,21.46,18.75,18.75
2019-10-03,19.12,21.44,19.03,20.11
2019-10-04,17.04,19.97,16.97,19.42
2019-10-07,17.86,18.52,16.44,18.27
2019-10-08,20.28,20.38,17.42,17.61
2019-10-09,18.64,20,17.77,19.94
2019-10-10,17.57,19.8,17.56,19.28
2019-10-11,15.58,17.44,15.11,17.35
2019-10-14,14.57,16.5,14.51,15.66
2019-10-15,13.54,14.43,13.39,13.94
2019-10-16,13.68,14.26,13.6,13.94
2019-10-17,13.79,14.18,13.31,13.79
2019-10-18,14.25,15.16,13.78,14.2
2019-10-21,14,14.63,14,14.24
2019-10-22,14.46,14.61,13.7,13.99
2019-10-23,14.01,15.12,14.01,14.83
2019-10-24,13.71,14.34,13.4,13.98
2019-10-25,12.65,13.79,12.62,13.53
2019-10-28,13.11,13.14,12.66,13.01
2019-10-29,13.2,13.52,13.07,13.16
2019-10-30,12.33,13.77,12.27,13.23
2019-10-31,13.22,13.95,12.19,12.21
2019-11-01,12.3,13.12,12.25,12.99
2019-11-04,12.83,13.13,12.44,12.68
2019-11-05,13.1,13.28,12.25,12.85
2019-11-06,12.62,13.39,12.6,13.18
2019-11-07,12.73,12.89,12.26,12.59
2019-11-08,12.07,13.05,12,12.98
2019-11-11,12.69,13.49,12.66,13.15
2019-11-12,12.68,13.1,12.36,12.64
2019-11-13,13,13.9,12.88,12.91
2019-11-14,13.05,13.81,12.93,13.16
2019-11-15,12.05,12.97,11.92,12.95
2019-11-18,12.46,13.1,12.32,12.39
2019-11-19,12.86,13.01,12.16,12.33
2019-11-20,12.78,14.17,12.61,13.42
2019-11-21,13.13,13.86,12.49,13.35
2019-11-22,12.34,13.25,12.33,12.82
2019-11-25,11.87,12.59,11.73,12.51
2019-11-26,11.54,12.04,11.42,11.88
2019-11-27,11.75,11.79,11.44,11.55
2019-11-28,11.75,11.79,11.44,11.55
2019-11-29,12.62,12.83,12.12,12.5
2019-12-02,14.91,15.27,12.55,12.69
2019-12-03,15.96,17.99,14.61,14.68
2019-12-04,14.8,16.4,14.12,16.38
2019-12-05,14.52,15.37,14.17,14.46
2019-12-06,13.62,14.47,13.19,14.37
2019-12-09,15.86,16.07,12.25,14.25
2019-12-10,15.68,16.9,14.93,15.8
2019-12-11,14.99,15.97,14.98,15.57
2019-12-12,13.94,15.55,13.6,14.94
2019-12-13,12.63,14.35,12.54,13.18
2019-12-16,12.14,12.53,11.71,12.47
2019-12-17,12.29,12.47,11.9,12.23
2019-12-18,12.58,12.7,11.93,12.24
2019-12-19,12.5,12.78,12.43,12.55
2019-12-20,12.51,12.61,12.04,12.55
2019-12-23,12.61,12.9,12.41,12.81
2019-12-24,12.67,12.84,12.56,12.65
2019-12-25,12.67,12.84,12.56,12.65
2019-12-26,12.65,12.75,11.72,12.74
2019-12-27,13.43,13.72,11.89,12.61
2019-12-30,14.82,15.14,13.44,13.74
2019-12-31,13.78,15.39,13.75,14.84
2020-01-01,13.78,15.39,13.75,14.84
2020-01-02,12.47,13.72,12.42,13.46
2020-01-03,14.02,16.2,13.13,15.01
2020-01-06,13.85,16.39,13.54,15.45
2020-01-07,13.79,14.46,13.39,13.84
2020-01-08,13.45,15.24,12.83,15.16
2020-01-09,12.54,13.24,12.53,12.95
2020-01-10,12.56,12.87,12.09,12.42
2020-01-13,12.32,13.09,12.32,12.84
2020-01-14,12.39,13.82,12.05,12.72
2020-01-15,12.42,12.83,11.95,12.79
2020-01-16,12.32,12.42,11.78,12.2
2020-01-17,12.1,12.48,11.75,12.21
2020-01-20,12.1,12.48,11.75,12.21
2020-01-21,12.85,13.33,12.32,13.23
2020-01-22,12.91,13.01,12.31,12.45
2020-01-23,12.98,14.15,12.94,13.26
2020-01-24,14.56,15.98,12.62,12.75
2020-01-27,18.23,19.02,16.82,17.42
2020-01-28,16.28,18.03,15.69,16.94
2020-01-29,16.39,16.65,14.94,15.68
2020-01-30,15.49,18.39,15.3,17.82
2020-01-31,18.84,19.99,16.18,16.25
2020-02-03,17.97,18.88,17.1,18.64
2020-02-04,16.05,16.46,15.63,16.45
2020-02-05,15.15,16.32,15.02,16.29
2020-02-06,14.96,15.66,14.7,15.13
2020-02-07,15.47,16.16,14.81,15.07
2020-02-10,15.04,16.43,15.01,15.88
2020-02-11,15.18,15.27,14.38,14.91
2020-02-12,13.74,14.88,13.73,14.86
2020-02-13,14.15,15.44,14,14.43
2020-02-14,13.68,14.54,13.38,14.12
2020-02-17,13.68,14.54,13.38,14.12
2020-02-18,14.83,15.49,14.53,14.98
2020-02-19,14.38,14.74,14.21,14.66
2020-02-20,15.56,17.21,14.49,14.54
2020-02-21,17.08,18.21,16.19,17.33
2020-02-24,25.03,26.35,22,22.25
2020-02-25,27.85,30.25,22.19,22.19
2020-02-26,27.56,29.57,24.76,26.63
2020-02-27,39.16,39.31,27.79,28.95
2020-02-28,40.11,49.48,39.37,42.02
2020-03-02,33.42,43.77,31.5,34.86
2020-03-03,36.82,41.06,24.93,33.64
2020-03-04,31.99,35.58,30.3,34.44
2020-03-05,39.62,42.84,33.54,33.61
2020-03-06,41.94,54.39,40.84,41.46
2020-03-09,54.46,62.12,41.94,41.94
2020-03-10,47.3,55.66,43.56,49.68
2020-03-11,53.9,55.82,49.98,52.24
2020-03-12,75.47,76.83,59.91,61.46
2020-03-13,57.83,77.57,55.17,71.31
2020-03-16,82.69,83.56,57.83,57.83
2020-03-17,75.91,84.83,70.37,82.69
2020-03-18,76.45,85.47,69.37,69.37
2020-03-19,72,84.26,68.57,80.62
2020-03-20,66.04,69.51,57.42,67.86
2020-03-23,61.59,76.74,60.46,74.08
2020-03-24,61.67,61.88,36.24,58.76
2020-03-25,63.95,68.86,58.03,61.44
2020-03-26,61,67.06,57.66,65.67
2020-03-27,65.54,69.1,61.8,64.95
2020-03-30,57.08,67.69,56.6,66.3
2020-03-31,53.54,58.75,50.88,56.69
2020-04-01,57.06,60.59,52.76,57.38
2020-04-02,50.91,57.24,50.45,54.46
2020-04-03,46.8,52.29,46.74,51.11
2020-04-06,45.24,45.73,43.45,44.17
2020-04-07,46.7,47.51,43.51,44.83
2020-04-08,43.35,47.28,42.53,45.9
2020-04-09,41.67,45.73,41.39,43
2020-04-10,41.67,45.73,41.39,43
2020-04-13,41.17,45.04,41.17,44.6
2020-04-14,37.76,40.57,37.31,40.24
2020-04-15,40.84,43.23,39.34,39.4
2020-04-16,40.11,43.02,39.87,41.92
2020-04-17,38.15,40.26,37.63,39.5
2020-04-20,43.83,43.83,39.88,40.68
2020-04-21,45.41,47.77,43.77,44.28
2020-04-22,41.98,45.07,41.41,44.91
2020-04-23,41.38,42.47,39.06,41.3
2020-04-24,35.93,42.08,35.6,41.91
2020-04-27,33.29,36.44,32.51,36.29
2020-04-28,33.57,35.39,30.54,33.21
2020-04-29,31.23,33.19,30.71,32.48
2020-04-30,34.15,35.94,30.93,30.99
2020-05-01,37.19,39.57,36.59,38.17
2020-05-04,35.97,40.32,35.53,39.13
2020-05-05,33.61,36.22,31.95,34.82
2020-05-06,34.12,35.69,31.68,32.69
2020-05-07,31.44,32.28,30.37,32.12
2020-05-08,27.98,30.39,27.89,30.14
2020-05-11,27.57,31.46,26.97,28.46
2020-05-12,33.04,33.04,26,28.47
2020-05-13,35.28,37.42,30.77,32.74
2020-05-14,32.61,39.28,32.33,35.16
2020-05-15,31.89,35.13,31.04,32.5
2020-05-18,29.3,31.08,28.35,30.71
2020-05-19,30.53,30.74,28.37,28.73
2020-05-20,27.99,29.83,27.83,29.52
2020-05-21,29.53,30.2,27.67,28.97
2020-05-22,28.16,31.55,28.03,31.36
2020-05-25,28.16,31.55,28.03,31.36
2020-05-26,28.01,28.58,27.18,27.72
2020-05-27,27.62,30.53,25.92,27.62
2020-05-28,28.59,29.89,27.43,27.82
2020-05-29,27.51,30.16,27.29,29.3
2020-06-01,28.23,30.6,28.11,28.94
2020-06-02,26.84,28.52,26.66,28.4
2020-06-03,25.66,26.98,25.04,26.75
2020-06-04,25.81,26.43,24.38,26.23
2020-06-05,24.52,25.09,23.54,24.79
2020-06-08,25.81,25.98,24.65,25.56
2020-06-09,27.57,27.7,25.71,25.93
2020-06-10,27.57,29.01,26.06,26.73
2020-06-11,40.79,42.58,29.49,30.45
2020-06-12,36.09,44.16,34.97,37.68
2020-06-15,34.4,44.44,34.28,44.09
2020-06-16,33.67,37.45,31.73,34.28
2020-06-17,33.47,35.17,32.25,33.28
2020-06-18,32.94,36.25,32.24,33.83
2020-06-19,35.12,35.12,30.4,32.07
2020-06-22,31.77,35.39,31.64,35.22
2020-06-23,31.37,31.71,29.26,31.71
2020-06-24,33.84,37.12,30.95,31.05
2020-06-25,32.22,36.93,31.59,36.59
2020-06-26,34.73,36.25,31.04,33.01
2020-06-29,31.78,36.31,31.78,35.05
2020-06-30,30.43,32.94,29.56,32.54
2020-07-01,28.62,31.76,28.2,30.96
2020-07-02,27.68,28.44,25.9,28.33
2020-07-03,27.68,28.44,25.9,28.33
2020-07-06,27.94,28.33,24.92,27.76
2020-07-07,29.43,29.63,27.25,28.77
2020-07-08,28.08,30.2,27.24,28.95
2020-07-09,29.26,31.48,26.11,28.18
2020-07-10,27.29,30.91,27.13,30.86
2020-07-13,32.19,32.45,26.87,27.85
2020-07-14,29.52,33.67,29.21,31.14
2020-07-15,27.76,30.09,27.17,29.15
2020-07-16,28,29.29,26.98,28.41
2020-07-17,25.68,27.54,25.41,27.15
2020-07-20,24.46,27.08,24.35,26.94
2020-07-21,24.84,25.65,23.61,24.08
2020-07-22,24.32,26.26,24.13,24.56
2020-07-23,26.08,26.95,23.6,23.97
2020-07-24,25.84,28.58,25.53,27.96
2020-07-27,24.74,26.94,24.55,26.6
2020-07-28,25.44,25.85,24.05,24.86
2020-07-29,24.1,25.42,23.73,25.16
2020-07-30,24.76,28.29,24.64,25.04
2020-07-31,24.46,26.41,23.55,24.79
2020-08-03,24.28,26.01,22.17,25.75
2020-08-04,23.76,24.76,22.92,24.01
2020-08-05,22.99,23.61,22.86,23.44
2020-08-06,22.65,24.11,20.97,23.03
2020-08-07,22.21,24.02,22.02,23.45
2020-08-10,22.13,23.52,21.46,22.88
2020-08-11,24.03,24.93,20.28,21.85
2020-08-12,22.28,22.88,21.54,22.82
2020-08-13,22.13,22.92,21.45,22.2
2020-08-14,22.05,23.55,21.79,22.27
2020-08-17,21.35,22.82,21.34,22.52
2020-08-18,21.51,22.55,21.18,21.69
2020-08-19,22.54,22.98,20.99,21.6
2020-08-20,22.72,24.6,22.37,24.1
2020-08-21,22.54,24.47,22.06,22.58
2020-08-24,22.37,23.18,21.25,22.87
2020-08-25,22.03,23.43,21.53,22.16
2020-08-26,23.27,23.27,20.92,22.14
2020-08-27,24.47,27.09,21.44,23.42
2020-08-28,22.96,26.3,22.64,24.59
2020-08-31,26.41,26.5,21.77,23.91
2020-09-01,26.12,26.59,25.02,25.86
2020-09-02,26.57,27.07,25.53,26.01
2020-09-03,33.6,35.94,25.66,26.28
2020-09-04,30.75,38.28,29.5,34.62
2020-09-07,30.75,38.28,29.5,34.62
2020-09-08,31.46,35.93,30.52,30.61
2020-09-09,28.81,31.78,28.12,31.68
2020-09-10,29.71,30.56,27.59,28.67
2020-09-11,26.87,29.73,26.51,28.63
2020-09-14,25.85,26.79,25.38,25.86
2020-09-15,25.59,26,24.92,25.92
2020-09-16,26.04,26.59,24.84,25.31
2020-09-17,26.46,28.92,26.26,28.22
2020-09-18,25.83,28.1,25.28,26.65
2020-09-21,27.78,31.18,27.39,28.04
2020-09-22,26.86,28.78,26.48,28.61
2020-09-23,28.58,29.73,25.19,27.02
2020-09-24,28.51,30.49,27.94,29.54
2020-09-25,26.38,30.43,26.02,28.17
2020-09-28,26.19,27.19,24.9,27.15
2020-09-29,26.27,27.43,25.98,26.81
2020-09-30,26.37,27.12,25.06,26.69
2020-10-01,26.7,27.11,25.33,25.78
2020-10-02,27.63,29.9,26.93,28.87
2020-10-05,27.96,29.69,27.27,29.52
2020-10-06,29.48,30,26.01,28.05
2020-10-07,28.06,29.76,27.94,29.26
2020-10-08,26.36,27.99,24.88,27.65
2020-10-09,25,26.22,24.03,26.2
2020-10-12,25.07,25.65,24.14,25.65
2020-10-13,26.07,26.93,25.16,25.67
2020-10-14,26.4,27.23,25.53,25.72
2020-10-15,26.97,29.06,26.82,27.1
2020-10-16,27.41,27.46,26.19,27.16
2020-10-19,29.18,29.69,27.04,27.36
2020-10-20,29.35,29.6,28.29,28.81
2020-10-21,28.65,30.55,28.37,29.12
2020-10-22,28.11,30.12,27.68,30.1
2020-10-23,27.55,28.67,27.26,28.47
2020-10-26,32.46,33.68,29.22,29.38
2020-10-27,33.35,33.77,31.85,32.04
2020-10-28,40.28,40.77,34.68,34.69
2020-10-29,37.59,41.16,35.63,38.8
2020-10-30,38.02,41.09,36.5,40.81
2020-11-02,37.13,38.78,36.13,38.57
2020-11-03,35.55,36.44,34.19,36.44
2020-11-04,29.57,36.85,28.03,36.79
2020-11-05,27.58,28.14,26.04,27.56
2020-11-06,24.86,29.44,24.56,27.87
2020-11-09,25.75,25.82,22.41,24.8
2020-11-10,24.8,26.77,24.35,25.36
2020-11-11,23.45,25.12,22.57,25.01
2020-11-12,25.35,27.27,23.53,24.39
2020-11-13,23.1,25.03,22.74,24.94
2020-11-16,22.45,24.08,22.43,23.66
2020-11-17,22.71,24.09,22.34,22.84
2020-11-18,23.84,23.92,21.66,22.86
2020-11-19,23.11,24.52,22.56,23.62
2020-11-20,23.7,23.73,22.13,23.43
2020-11-23,22.66,23.96,22.45,23.66
2020-11-24,21.64,22.48,20.8,22.04
2020-11-25,21.25,22.5,21.13,21.65
2020-11-26,21.25,22.5,21.13,21.65
2020-11-27,20.84,21.6,19.51,21.52
2020-11-30,20.57,22.89,20.48,22.64
2020-12-01,20.77,20.92,20,20.21
2020-12-02,21.17,21.25,20.04,21
2020-12-03,21.28,21.88,20.72,21.24
2020-12-04,20.79,21.15,19.97,21.05
2020-12-07,21.3,22.62,21.17,22.04
2020-12-08,20.68,22.25,20.52,21.65
2020-12-09,22.27,22.93,20.1,20.66
2020-12-10,22.52,23.46,21.53,22.12
2020-12-11,23.31,25.14,22.48,22.49
2020-12-14,24.72,24.82,21.95,22.67
2020-12-15,22.89,24.07,22.73,24
2020-12-16,22.5,23.67,22.29,22.51
2020-12-17,21.93,22.27,21.52,21.98
2020-12-18,21.57,23.77,21.57,22.15
2020-12-21,25.16,31.46,24.23,24.25
2020-12-22,24.23,25.56,23.53,25.24
2020-12-23,23.31,23.68,22.13,23.49
2020-12-24,21.53,22.83,21.39,22.47
2020-12-25,21.53,22.83,21.39,22.47
2020-12-28,21.7,22.12,21.15,22.11
2020-12-29,23.08,23.72,20.99,21.61
2020-12-30,22.77,23.15,22.41,22.58
2020-12-31,22.75,23.25,21.24,22.99
2021-01-01,22.75,23.25,21.24,22.99
2021-01-04,26.97,29.19,22.56,23.04
2021-01-05,25.34,28.6,24.8,26.94
2021-01-06,25.07,26.77,22.14,25.48
2021-01-07,22.37,23.91,22.25,23.67
2021-01-08,21.56,23.34,21.42,22.43
2021-01-11,24.08,24.81,23.23,23.31
2021-01-12,23.33,25.15,22.83,23.49
2021-01-13,22.21,24.18,21.92,23.07
2021-01-14,23.25,23.47,21.66,22.22
2021-01-15,24.34,25.8,23.08,23.52
2021-01-18,24.34,25.8,23.08,23.52
2021-01-19,23.24,23.56,22.53,23.03
2021-01-20,21.58,22.86,21.37,22.82
2021-01-21,21.32,22.22,21.09,21.34
2021-01-22,21.91,23.73,21.27,22.24
2021-01-25,23.19,26.63,22.2,22.31
2021-01-26,23.02,23.94,22.55,23.91
2021-01-27,37.21,37.21,23.71,23.82
2021-01-28,30.21,36.29,27.39,33.25
2021-01-29,33.09,37.51,29.24,35.16
2021-02-01,30.24,33.96,29.03,31.45
2021-02-02,25.56,28.08,25.31,28.01
2021-02-03,22.91,25.43,22.91,24.59
2021-02-04,21.77,23.44,21.68,23.44
2021-02-05,20.87,22.16,20.86,21.99
2021-02-08,21.24,22.07,21.23,21.89
2021-02-09,21.63,22.26,20.65,21.57
2021-02-10,21.99,23.85,19.69,21.64
2021-02-11,21.25,23.25,21.11,22.09
2021-02-12,19.97,22.45,19.95,21.6
2021-02-15,19.97,22.45,19.95,21.6
2021-02-16,21.46,22.46,20.88,21.13
2021-02-17,21.5,23.44,21.09,22.02
2021-02-18,22.49,24.23,21.8,21.98
2021-02-19,22.05,23.19,20.84,23.1
2021-02-22,23.45,25.09,21.96,24.46
2021-02-23,23.11,27.01,22.5,22.82
2021-02-24,21.34,25.04,21.31,23.76
2021-02-25,28.89,31.16,21.52,21.73
2021-02-26,27.95,30.82,25.23,28.73
2021-03-01,23.35,25.39,23.17,25.2
2021-03-02,24.1,24.6,22.8,23.58
2021-03-03,26.67,26.79,22.45,22.8
2021-03-04,28.57,31.9,24.93,26.52
2021-03-05,24.66,30.03,24.33,29.48
2021-03-08,25.47,28.39,24.07,27.61
2021-03-09,24.03,25.25,22.9,25.11
2021-03-10,22.56,23.87,22.38,23.76
2021-03-11,21.91,22.5,21.45,22.5
2021-03-12,20.69,22.99,20.63,22.57
2021-03-15,20.03,21.86,19.87,21.84
2021-03-16,19.79,20.31,19.33,20.14
2021-03-17,19.23,20.95,19.18,20.1
2021-03-18,21.58,22.6,18.95,18.95
2021-03-19,20.95,23.17,19.9,21.43
2021-03-22,18.88,22.29,18.87,21.91
2021-03-23,20.3,21.58,18.8,19.46
2021-03-24,21.2,21.49,19.3,20.64
2021-03-25,19.81,23.55,19.81,20.8
2021-03-26,18.86,21.49,18.68,19.32
2021-03-29,20.74,21.6,19.42,20.4
2021-03-30,19.61,21.75,19.47,20.76
2021-03-31,19.4,20.11,18.85,19.8
2021-04-01,17.33,18.64,17.29,18.6
2021-04-02,17.33,18.64,17.29,18.6
2021-04-05,17.91,18.4,17.35,18.16
2021-04-06,18.12,18.3,17.37,18.07
2021-04-07,17.16,18.17,16.87,17.99
2021-04-08,16.95,17.36,16.55,16.92
2021-04-09,16.69,17.34,16.2,17.05
2021-04-12,16.91,17.91,16.81,17.43
2021-04-13,16.65,17.86,16.43,16.99
2021-04-14,16.99,17.69,15.38,16.71
2021-04-15,16.57,16.92,15.94,16.78
2021-04-16,16.25,16.88,16.05,16.65
2021-04-19,17.29,18.61,16.78,17.04
2021-04-20,18.68,19.7,17.24,17.36
2021-04-21,17.5,19.29,16.91,18.48
2021-04-22,18.71,19.9,16.99,17.28
2021-04-23,17.33,18.78,16.8,18.56
2021-04-26,17.64,18.17,16.87,17.94
2021-04-27,17.56,18.16,16.97,17.62
2021-04-28,17.28,17.84,16.67,17.47
2021-04-29,17.61,18.87,16.77,16.88
2021-04-30,18.61,19.25,17.64,17.67
2021-05-03,18.31,19.12,17.8,18.65
2021-05-04,19.48,21.85,18.11,18.16
2021-05-05,19.15,19.58,17.89,18.84
2021-05-06,18.39,20.6,18.21,18.41
2021-05-07,16.69,18.57,16.68,18.45
2021-05-10,19.66,19.75,17.07,17.34
2021-05-11,21.84,23.73,20.71,21.17
2021-05-12,27.59,28.38,21.66,22.42
2021-05-13,23.13,28.93,22.23,26.03
2021-05-14,18.81,22.1,18.66,21.77
2021-05-17,19.72,21.58,19.67,19.89
2021-05-18,21.34,21.45,18.81,18.89
2021-05-19,22.18,25.96,21.88,22.46
2021-05-20,20.67,23.5,20.19,22.33
2021-05-21,20.15,20.89,19.53,20.42
2021-05-24,18.4,20.51,18.38,20.5
2021-05-25,18.84,19.29,16.87,18.35
2021-05-26,17.36,18.92,17.35,18.37
2021-05-27,16.74,18.17,16.52,18.03
2021-05-28,16.76,16.86,15.9,16.8
2021-05-31,16.76,16.86,15.9,16.8
2021-06-01,17.9,18.53,15.68,17.24
2021-06-02,17.48,18.31,16.74,17.86
2021-06-03,18.04,19.27,17.45,17.73
2021-06-04,16.42,18.42,16.18,18.09
2021-06-07,16.42,17.35,15.78,17.34
2021-06-08,17.07,17.75,15.15,16.58
2021-06-09,17.89,17.96,15.55,17.18
2021-06-10,16.1,18.29,16.01,18.18
2021-06-11,15.65,16.2,15.15,16.18
2021-06-14,16.39,17.04,15.04,16.04
2021-06-15,17.02,17.35,16.14,16.27
2021-06-16,18.15,19.11,16.42,16.99
2021-06-17,17.75,19.22,16.71,18.49
2021-06-18,20.7,21.04,16.92,16.96
2021-06-21,17.89,21.82,17.81,21.74
2021-06-22,16.66,18.32,15.76,17.91
2021-06-23,16.32,16.84,14.86,16.25
2021-06-24,15.97,16.05,14.19,15.99
2021-06-25,15.62,16.17,15.21,16.04
2021-06-28,15.76,16.46,15.39,16.07
2021-06-29,16.02,16.31,14.1,15.69
2021-06-30,15.83,17.31,15.58,16.18
2021-07-01,15.48,16.01,15.31,15.62
2021-07-02,15.07,15.54,14.25,15.53
2021-07-05,15.07,15.54,14.25,15.53
2021-07-06,16.44,17.94,15.73,15.77
2021-07-07,16.2,17.64,16.08,16.43
2021-07-08,19,21.29,17.74,17.74
2021-07-09,16.18,18.13,16.08,17.88
2021-07-12,16.17,17.52,16.14,16.85
2021-07-13,17.12,17.23,15.94,16.39
2021-07-14,16.33,17.51,15.95,17.34
2021-07-15,17.01,18.09,16.56,16.7
2021-07-16,18.45,18.7,16.03,16.8
2021-07-19,22.5,25.09,19.27,19.61
2021-07-20,19.73,22.97,19.37,20.89
2021-07-21,17.91,19.82,17.81,19.73
2021-07-22,17.69,18.45,17.4,17.59
2021-07-23,17.2,17.48,16.33,16.98
2021-07-26,17.58,19.39,17.53,18.67
2021-07-27,19.36,20.44,18.25,18.62
2021-07-28,18.31,19.62,17.52,19.41
2021-07-29,17.7,18.01,17.19,17.91
2021-07-30,18.24,19.72,17.53,19.69
2021-08-02,19.46,19.87,17.99,18.16
2021-08-03,18.04,20.44,17.7,19.17
2021-08-04,17.97,18.9,17.67,18.23
2021-08-05,17.28,17.84,17.23,17.73
2021-08-06,16.15,17.5,16.14,17.46
2021-08-09,16.72,17.39,16.59,17.12
2021-08-10,16.79,17.05,16.34,16.82
2021-08-11,16.06,17.09,15.87,16.81
2021-08-12,15.59,16.42,15.49,16.33
2021-08-13,15.45,15.72,15.19,15.68
2021-08-16,16.12,17.71,16.02,17.05
2021-08-17,17.91,19.56,16.71,17.31
2021-08-18,21.57,21.64,17.31,17.56
2021-08-19,21.67,24.74,20.37,23.12
2021-08-20,18.56,23.9,18.18,22.74
2021-08-23,17.15,18.95,16.95,18.83
2021-08-24,17.22,17.51,16.94,16.96
2021-08-25,16.79,17.5,16.46,17.42
2021-08-26,18.84,19.27,17.16,17.46
2021-08-27,16.39,18.22,16.11,17.95
2021-08-30,16.19,16.8,15.98,16.77
2021-08-31,16.48,17.07,15.91,15.98
2021-09-01,16.11,16.71,15.68,16.06
2021-09-02,16.41,16.98,15.73,16.27
2021-09-03,16.41,17.06,16.08,16.27
2021-09-06,16.41,17.06,16.08,16.27
2021-09-07,18.14,18.39,16.89,16.94
2021-09-08,17.96,19.64,17.78,18.97
2021-09-09,18.8,19.54,17.17,19.44
2021-09-10,20.95,21.13,16.99,17.94
2021-09-13,19.37,21.18,18.76,19.64
2021-09-14,19.46,20.47,18.39,19.58
2021-09-15,18.18,20.27,18.01,19.3
2021-09-16,18.69,19.76,17.65,18.41
2021-09-17,20.81,21.51,18.35,18.37
2021-09-20,25.71,28.79,23.9,24.25
2021-09-21,24.36,25.6,21.71,23.41
2021-09-22,20.87,23.4,20.75,22.72
2021-09-23,18.63,20.21,18.42,19.91
2021-09-24,17.75,20.41,17.63,19.33
2021-09-27,18.76,19.32,17.74,17.78
2021-09-28,23.25,24.82,19.71,19.74
2021-09-29,22.56,23.79,21.45,22.07
2021-09-30,23.14,24.71,20.6,21.48
2021-10-01,21.15,24.89,20.64,24.78
2021-10-04,22.96,24.58,21.88,22.9
2021-10-05,21.3,23.17,20.62,22.92
2021-10-06,21,24.4,20.99,22.95
2021-10-07,19.54,20.76,19.07,20.54
2021-10-08,18.77,19.94,18.2,19.46
2021-10-11,20,20.45,18.11,19.93
2021-10-12,19.85,20.81,18.97,20.62
2021-10-13,18.64,20.23,18.44,20.14
2021-10-14,16.86,18.08,16.8,18.01
2021-10-15,16.3,16.85,15.72,16.64
2021-10-18,16.31,17.93,16.27,17.29
2021-10-19,15.7,16.31,15.57,16.09
2021-10-20,15.49,15.89,15.29,15.82
2021-10-21,15.01,16.11,14.92,16.06
2021-10-22,15.43,16.39,14.84,15.35
2021-10-25,15.24,16.33,15.1,16.14
2021-10-26,15.98,16.71,14.9,15.02
2021-10-27,16.98,17.29,15.54,15.79
2021-10-28,16.53,17.16,16.23,17.06
2021-10-29,16.26,18.06,16.13,17.4
2021-11-01,16.41,17.7,16.32,16.85
2021-11-02,16.03,16.65,15.89,16.54
2021-11-03,15.1,16.39,14.9,16.11
2021-11-04,15.44,16.14,14.73,15.06
2021-11-05,16.48,17.02,14.95,15.59
2021-11-08,17.22,17.69,16.44,17.23
2021-11-09,17.78,18.57,17.21,17.43
2021-11-10,18.73,19.9,17.22,17.74
2021-11-11,17.66,18.39,17.27,18.34
2021-11-12,16.29,17.69,16.15,17.49
2021-11-15,16.49,17.46,16.49,17.03
2021-11-16,16.37,17.08,16.03,16.86
2021-11-17,17.11,17.19,16.28,16.36
2021-11-18,17.59,18.15,16.38,16.81
2021-11-19,17.91,19.01,17.23,17.36
2021-11-22,19.17,19.59,17.35,18.2
2021-11-23,19.38,20.91,19.03,20.24
2021-11-24,18.58,20.96,18.52,19.17
2021-11-25,18.58,20.96,18.52,19.17
2021-11-26,28.62,28.99,23.88,26.62
2021-11-29,22.96,25.69,21.71,25.31
2021-11-30,27.19,28.56,23.71,26.23
2021-12-01,31.12,32.61,22.38,24.92
2021-12-02,27.95,30.68,27.15,29.44
2021-12-03,30.67,35.32,25.89,26.95
2021-12-06,27.18,30.82,26.75,28.99
2021-12-07,21.89,24.69,21.58,24.58
2021-12-08,19.9,23.11,19.85,21.74
2021-12-09,21.58,22.12,19.94,20.31
2021-12-10,18.69,21.3,18.69,21.27
2021-12-13,20.31,21.18,18.96,19.29
2021-12-14,21.89,23,19.67,19.67
2021-12-15,19.29,23.47,19.02,21.6
2021-12-16,20.57,22.13,18.19,18.56
2021-12-17,21.57,23.26,20.49,20.7
2021-12-20,22.87,27.39,22.85,25.89
2021-12-21,21.01,22.68,20.9,22.28
2021-12-22,18.63,21.36,18.59,21.04
2021-12-23,17.96,18.93,17.62,18.81
2021-12-24,17.96,18.93,17.62,18.81
2021-12-27,17.68,19.41,17.55,19.37
2021-12-28,17.54,18.47,17.51,17.78
2021-12-29,16.95,18,16.71,17.63
2021-12-30,17.33,17.79,16.62,17.3
2021-12-31,17.22,18.27,16.99,17.63
2022-01-03,16.6,18.54,16.56,17.6
2022-01-04,16.91,17.81,16.34,16.57
2022-01-05,19.73,20.17,16.58,17.07
2022-01-06,19.61,21.06,19.08,20.29
2022-01-07,18.76,20.8,18.57,19.85
2022-01-10,19.4,23.33,19.29,19.58
2022-01-11,18.41,21,18.2,19.62
2022-01-12,17.62,18.69,17.36,18.17
2022-01-13,20.31,20.61,17.45,18.06
2022-01-14,19.19,22.07,19.05,20.11
2022-01-17,19.19,22.07,19.05,20.11
2022-01-18,22.79,23.2,21.18,21.18
2022-01-19,23.85,23.99,21.85,23.12
2022-01-20,25.59,25.89,21.68,23.46
2022-01-21,28.85,29.79,25.31,25.38
2022-01-24,29.9,38.94,28.02,28.2
2022-01-25,31.16,35.85,29.13,32.29
2022-01-26,31.96,33.04,26.9,29.35
2022-01-27,30.49,33,28.42,32.19
2022-01-28,27.66,32.82,27.28,30.27
2022-01-31,24.83,29.41,24.71,28.36
2022-02-01,21.96,25.33,21.96,24.57
2022-02-02,22.09,22.73,20.46,21.56
2022-02-03,24.35,25.81,22.3,22.63
2022-02-04,23.22,26.26,22.07,23.77
2022-02-07,22.86,24.82,22.02,24.09
2022-02-08,21.44,23.48,21.32,23.09
2022-02-09,19.96,21.3,19.93,21.27
2022-02-10,23.91,24.77,20.18,20.37
2022-02-11,27.36,30.99,23.33,24.39
2022-02-14,28.33,32.04,28.33,29.17
2022-02-15,25.7,28.09,25.33,28.09
2022-02-16,24.29,27.09,23.88,25.19
2022-02-17,28.11,28.37,24.76,24.83
2022-02-18,27.75,29.71,26.38,26.66
2022-02-21,27.75,29.71,26.38,26.66
2022-02-22,28.81,32.04,28.4,31.8
2022-02-23,31.02,31.07,27.2,28.04
2022-02-24,30.32,37.79,29.45,37.5
2022-02-25,27.59,32,26.93,31.68
2022-02-28,30.15,33.51,28.43,32.44
2022-03-01,33.32,35.19,29.44,29.45
2022-03-02,30.74,34.41,30.12,34.2
2022-03-03,30.48,32.01,29.31,30.52
2022-03-04,31.98,34.65,31.47,31.9
2022-03-07,36.45,36.55,32.59,35.88
2022-03-08,35.13,37.52,32.78,36.19
2022-03-09,32.45,34.12,31.39,33.74
2022-03-10,30.23,34.03,30.23,33.03
2022-03-11,30.75,31.04,28.84,30.43
2022-03-14,31.77,33.18,30.06,31.03
2022-03-15,29.83,33.83,29.57,33.13
2022-03-16,26.67,29.8,26.29,29.02
2022-03-17,25.67,27.47,25.25,26.51
2022-03-18,23.87,26.82,23.85,26.36
2022-03-21,23.53,25.36,22.99,25.14
2022-03-22,22.94,24.02,22.7,24.02
2022-03-23,23.57,24.03,22.64,23.04
2022-03-24,21.67,23.79,21.49,23.61
2022-03-25,20.81,22.86,20.8,21.87
2022-03-28,19.63,23.33,19.54,22.14
2022-03-29,18.9,19.73,18.67,19.7
2022-03-30,19.33,20.51,18.72,19.38
2022-03-31,20.56,21.48,19.54,19.68
2022-04-01,19.63,20.86,19.41,20.62
2022-04-04,18.57,20.78,18.45,20.75
2022-04-05,21.03,21.57,18.55,18.79
2022-04-06,22.1,24.78,21.24,21.27
2022-04-07,21.55,23.82,21.12,21.97
2022-04-08,21.16,22.34,20.28,21.25
2022-04-11,24.37,24.42,22.09,23.09
2022-04-12,24.26,25.38,22.27,24.94
2022-04-13,21.82,24.45,21.37,23.52
2022-04-14,22.7,22.7,20.85,21.72
2022-04-15,22.7,22.7,20.85,21.72
2022-04-18,22.17,24.6,21.98,24.52
2022-04-19,21.37,22.92,20.36,22.55
2022-04-20,20.32,21.32,19.75,21.13
2022-04-21,22.68,23.28,19.81,20.24
2022-04-22,28.21,28.27,22.62,22.71
2022-04-25,27.02,31.6,26.8,30.04
2022-04-26,33.52,33.81,27.06,27.38
2022-04-27,31.6,32.77,29.82,31.11
2022-04-28,29.99,32,28,29.91
2022-04-29,33.4,34.34,28.54,28.97
2022-05-02,32.34,36.64,31.74,33.35
2022-05-03,29.25,32.82,29.06,31.76
2022-05-04,25.42,29.42,24.94,29.12
2022-05-05,31.2,33.2,25.78,25.97
2022-05-06,30.19,35.34,29.83,32.23
2022-05-09,34.75,35.48,31.9,31.9
2022-05-10,32.99,34.84,32.24,33.66
2022-05-11,32.56,34.39,30.69,32.87
2022-05-12,31.77,34.76,31.7,33.74
2022-05-13,28.87,31.2,28.78,31.09
2022-05-16,27.47,30.23,27.36,30.01
2022-05-17,26.1,27.17,25.51,27.07
2022-05-18,30.96,31.49,26.21,26.74
2022-05-19,29.35,33.11,29.06,31.24
2022-05-20,29.43,32.91,28.06,28.78
2022-05-23,28.48,30.39,28.29,28.98
2022-05-24,29.45,31.07,29.04,29.43
2022-05-25,28.37,30.23,28.16,29.33
2022-05-26,27.5,28.46,27.11,28.42
2022-05-27,25.72,27.54,25.57,27.5
2022-05-30,26.54,26.81,26.08,26.16
2022-05-31,26.19,28.35,25.94,27.47
2022-06-01,25.69,27.73,25.38,26.05
2022-06-02,24.72,26.5,24.33,25.73
2022-06-03,24.79,25.96,24.76,24.91
2022-06-06,25.07,25.81,24.82,25.37
2022-06-07,24.02,26.24,23.88,25.54
2022-06-08,23.96,24.78,23.74,24.37
2022-06-09,26.09,26.24,23.82,24.29
2022-06-10,27.75,29.63,26.05,26.26
2022-06-13,34.02,35.05,31.29,31.37
2022-06-14,32.69,34,32.06,33.01
2022-06-15,29.62,32.77,27.76,32.39
2022-06-16,32.95,34.82,30.35,30.35
2022-06-17,31.13,33.31,30.47,32.84
2022-06-20,31.03,32.16,30.98,32.06
2022-06-21,30.19,30.65,29.33,30.63
2022-06-22,28.95,31.57,28.78,31.45
2022-06-23,29.05,29.77,28.74,29.29
2022-06-24,27.23,29.72,26.83,29.07
2022-06-27,26.95,28.66,26.93,28.3
2022-06-28,28.36,28.68,26.47,26.9
2022-06-29,28.16,29.36,27.85,28.8
2022-06-30,28.71,30.22,28.28,29.42
2022-07-01,26.7,29.59,26.69,29.53
2022-07-04,27.53,28.1,27.46,27.96
2022-07-05,27.54,29.82,27.3,27.37
2022-07-06,26.73,28.07,26.43,27.84
2022-07-07,26.08,26.79,25.66,26.73
2022-07-08,24.64,26.61,24.43,26.41
2022-07-11,26.17,26.74,25.79,26.42
2022-07-12,27.29,27.75,25.82,27.14
2022-07-13,26.82,29.06,26.23,27.35
2022-07-14,26.4,28.45,26.2,27.47
2022-07-15,24.23,26.72,24.13,26.72
2022-07-18,25.3,25.91,24.38,24.83
2022-07-19,24.5,25.41,24.23,25.12
2022-07-20,23.88,24.73,23.4,24.23
2022-07-21,23.11,24.67,22.92,24.07
2022-07-22,23.03,23.81,22.41,23.3
2022-07-25,23.36,24.57,23.19,24.33
2022-07-26,24.69,25.31,23.82,23.95
2022-07-27,23.24,24.41,23.02,24.27
2022-07-28,22.33,23.54,22.22,23.33
2022-07-29,21.33,22.16,21.21,22.13
2022-08-01,22.84,23.27,22.26,22.41
2022-08-02,23.93,24.68,22.67,24.08
2022-08-03,21.95,23.92,21.68,23.86
2022-08-04,21.44,22.66,21.44,22.06
2022-08-05,21.15,22.58,20.76,21.5
2022-08-08,21.29,22.01,20.83,21.74
2022-08-09,21.77,22.23,21.41,21.41
2022-08-10,19.74,22.34,19.54,22.28
2022-08-11,20.2,20.85,19.71,19.84
2022-08-12,19.53,20.35,19.12,20.34
2022-08-15,19.95,21.16,19.81,20.74
2022-08-16,19.69,20.39,19.5,20.23
2022-08-17,19.9,20.63,19.41,19.74
2022-08-18,19.56,20.61,19.43,20.51
2022-08-19,20.6,21.27,20.08,20.16
2022-08-22,23.8,24.62,22.39,22.41
2022-08-23,24.11,24.21,23.07,24.13
2022-08-24,22.82,24.86,22.73,24.37
2022-08-25,21.78,23.13,21.77,22.41
2022-08-26,25.56,25.9,21.67,22.07
2022-08-29,26.21,27.67,25.47,26.86
2022-08-30,26.21,27.69,25.13,25.75
2022-08-31,25.87,26.62,25.31,25.86
2022-09-01,25.56,27.45,25.25,26.88
2022-09-02,25.47,26.28,23.19,25.51
2022-09-05,25.99,26.85,25.84,26.51
2022-09-06,26.91,27.8,25.33,25.46
2022-09-07,24.64,27.15,24.54,26.93
2022-09-08,23.61,25.9,23.56,24.7
2022-09-09,22.79,23.57,22.64,23.49
2022-09-12,23.87,24.23,23.16,23.58
2022-09-13,27.27,28.15,23.53,23.67
2022-09-14,26.16,27.56,26.16,26.73
2022-09-15,26.27,26.93,25.42,26.1
2022-09-16,26.3,28.45,26.14,27.47
2022-09-19,25.76,27.95,25.56,27.69
2022-09-20,27.16,27.81,25.61,25.65
2022-09-21,27.99,30.18,25.55,28.03
2022-09-22,27.35,28.38,26.71,28.16
2022-09-23,29.92,32.31,27.58,27.68
2022-09-26,32.26,32.88,29.83,31.74
2022-09-27,32.6,34.14,30.3,31.2
2022-09-28,30.18,34.88,30.03,34.5
2022-09-29,31.84,33.46,31.16,31.67
2022-09-30,31.62,33.25,29.39,31.61
2022-10-03,30.1,33.06,29.63,33
2022-10-04,29.07,29.62,28.56,29.52
2022-10-05,28.55,30.11,28.5,29.36
2022-10-06,30.52,30.74,28.56,28.6
2022-10-07,31.36,32.02,29.88,30.37
2022-10-10,32.45,33.99,32.05,32.93
2022-10-11,33.63,34.43,32.45,33.56
2022-10-12,33.57,34.53,33.11,33.54
2022-10-13,31.94,33.87,31.63,33.6
2022-10-14,32.02,32.98,31.14,31.89
2022-10-17,31.37,32.59,30.7,32.27
2022-10-18,30.5,31.93,30.42,31.1
2022-10-19,30.76,31.9,30.76,30.94
2022-10-20,29.98,31.32,29.76,31.3
2022-10-21,29.69,30.44,29.24,30.21
2022-10-24,29.85,30.95,29.78,30.65
2022-10-25,28.46,30,28.22,29.8
2022-10-26,27.28,28.52,27.27,28.44
2022-10-27,27.39,27.67,26.94,27.51
2022-10-28,25.75,27.59,25.75,27.43
2022-10-31,25.88,27.07,25.84,26.91
2022-11-01,25.81,26.35,25.66,25.96
2022-11-02,25.86,26.62,25.39,26.04
2022-11-03,25.3,26.87,25.1,25.98
2022-11-04,24.55,25.71,24,25.63
2022-11-07,24.35,25.67,24.34,25.67
2022-11-08,25.54,26.16,24.24,24.71
2022-11-09,26.09,26.35,25.02,25.34
2022-11-10,23.53,26.59,22.84,26.51
2022-11-11,22.52,23.91,22.37,23.89
2022-11-14,23.73,24.33,22.86,23.99
2022-11-15,24.54,26.22,23.18,23.77
2022-11-16,24.11,24.72,23.99,24.29
2022-11-17,23.93,25.18,23.81,24.05
2022-11-18,23.12,24.12,22.98,24.03
2022-11-21,22.36,24.12,22.3,24.05
2022-11-22,21.29,22.71,21.28,22.59
2022-11-23,20.35,21.78,20.32,21.49
2022-11-24,20.42,20.54,20.31,20.5
2022-11-25,20.5,21.11,20.46,20.61
2022-11-28,22.21,22.5,21.65,22.09
2022-11-29,21.89,22.57,21.83,22.09
2022-11-30,20.58,22.63,20.31,21.7
2022-12-01,19.84,21.06,19.8,20.83
2022-12-02,19.06,20.96,18.95,20.42
2022-12-05,20.75,21.29,19.78,20.3
2022-12-06,22.17,22.6,20.38,20.69
2022-12-07,22.68,23.01,22.18,22.32
2022-12-08,22.29,23.28,22.06,22.81
2022-12-09,22.83,23.21,22.18,22.55
2022-12-12,25,25.05,24.18,24.4
2022-12-13,22.55,25.84,21.46,25.24
2022-12-14,21.14,23.47,21.07,22.83
2022-12-15,22.83,23.67,21.25,21.52
2022-12-16,22.62,23.83,22.09,23.26
2022-12-19,22.42,22.86,21.61,22.63
2022-12-20,21.48,23.39,21.35,23.17
2022-12-21,20.07,21.29,19.94,21.25
2022-12-22,21.97,24.3,20.01,20.08
2022-12-23,20.87,22.64,20.78,22.17
2022-12-26,20.87,22.64,20.78,22.17
2022-12-27,21.65,22.8,21.59,21.67
2022-12-28,22.14,22.26,20.96,21.47
2022-12-29,21.44,22.31,21.36,22.25
2022-12-30,21.67,22.4,21.59,21.83
2023-01-02,21.67,22.4,21.59,21.83
2023-01-03,22.9,23.76,22.73,23.09
2023-01-04,22.01,23.27,21.94,22.93
2023-01-05,22.46,22.92,21.97,22.2
2023-01-06,21.13,22.9,21,22.69
2023-01-09,21.97,21.98,21.27,21.75
2023-01-10,20.58,22.46,20.58,22.22
2023-01-11,21.09,21.25,20.62,20.8
2023-01-12,18.83,21.8,18.83,21.56
2023-01-13,18.35,19.41,18.01,19
2023-01-16,19.49,19.63,19.41,19.44
2023-01-17,19.36,20.22,19.21,19.89
2023-01-18,20.34,20.58,18.71,19.28
2023-01-19,20.52,21.71,20.17,20.43
2023-01-20,19.85,20.7,19.41,20.28
2023-01-23,19.81,20.33,19.55,20.21
2023-01-24,19.2,20.47,18.91,19.89
2023-01-25,19.08,20.9,18.99,19.56
2023-01-26,18.73,19.48,18.67,19.05
2023-01-27,18.51,19,17.97,18.9
2023-01-30,19.94,20.25,19.54,19.76
2023-01-31,19.4,20.7,19.13,20.12
2023-02-01,17.87,20.04,17.7,19.62
2023-02-02,18.73,19.25,17.06,17.74
2023-02-03,18.33,19.3,17.93,18.57
2023-02-06,19.43,19.81,19.21,19.23
2023-02-07,18.66,19.99,18.43,19.54
2023-02-08,19.63,20.12,18.55,18.88
2023-02-09,20.71,21.08,19.02,19.24
2023-02-10,20.53,21.94,20.44,20.74
2023-02-13,20.34,21.69,20.33,21.66
2023-02-14,18.91,20.75,18.48,20.72
2023-02-15,18.23,19.41,18.11,19.37
2023-02-16,20.17,20.27,18.23,18.26
2023-02-17,20.02,21.3,19.82,20.94
2023-02-20,21.23,21.28,20.96,21.06
2023-02-21,22.87,23.34,21.8,21.8
2023-02-22,22.29,23.63,22.02,23.03
2023-02-23,21.14,22.43,20.89,21.96
2023-02-24,21.67,22.9,21.32,21.35
2023-02-27,20.95,22.02,20.68,21.99
2023-02-28,20.7,21.37,20.1,21.3
2023-03-01,20.58,21.32,20.22,20.39
2023-03-02,19.59,21.42,19.55,21.41
2023-03-03,18.49,19.76,18.16,19.76
2023-03-06,18.61,19.19,18.49,19.05
2023-03-07,19.59,19.74,18.51,18.64
2023-03-08,19.11,20.01,19,19.71
2023-03-09,22.61,23.14,18.88,19.33
2023-03-10,24.8,28.97,21.79,23.34
2023-03-13,26.52,30.81,23.85,24.05
2023-03-14,23.73,27.24,22.27,26.85
2023-03-15,26.14,29.91,23.19,23.21
2023-03-16,22.99,27.49,22.97,26.19
2023-03-17,25.51,26.14,22.58,22.92
2023-03-20,24.15,28.91,24,27.77
2023-03-21,21.38,24.16,21.29,24.16
2023-03-22,22.26,22.38,19.94,21.8
2023-03-23,22.61,24.91,20.16,21.54
2023-03-24,21.74,25.21,21.6,22.11
2023-03-27,20.6,22.93,20.57,22.05
2023-03-28,19.97,21.4,19.91,20.53
2023-03-29,19.12,19.45,19.09,19.39
2023-03-30,19.02,20.08,18.85,19.12
2023-03-31,18.7,19.43,18.52,19.21
2023-04-03,18.55,19.83,18.54,19.79
2023-04-04,19,20.03,18.58,18.79
2023-04-05,19.08,20.08,19,19.42
2023-04-06,18.4,19.88,18.35,19.3
2023-04-07,18.4,19.88,18.35,19.3
2023-04-10,18.97,20.05,18.93,19.39
2023-04-11,19.1,19.28,18.56,19.08
2023-04-12,19.09,19.98,18.25,19.38
2023-04-13,17.8,19.06,17.77,18.83
2023-04-14,17.07,18.12,17.07,17.94
2023-04-17,16.95,17.79,16.9,17.58
2023-04-18,16.83,17.34,16.58,16.94
2023-04-19,16.46,17.72,16.17,17.3
2023-04-20,17.17,17.69,16.33,16.85
2023-04-21,16.77,17.71,16.58,17.51
2023-04-24,16.89,18.24,16.74,18.22
2023-04-25,18.76,19.86,17.33,17.62
2023-04-26,18.84,19.61,17.87,18.66
2023-04-27,17.03,18.43,16.72,18.43
2023-04-28,15.78,17.65,15.72,17.21
2023-05-01,16.08,16.62,15.53,16.41
2023-05-02,17.78,19.81,16.26,16.27
2023-05-03,18.34,18.83,17.19,17.82
2023-05-04,20.09,21.33,18.67,19.17
2023-05-05,17.19,19.63,16.69,19.5
2023-05-08,16.98,17.88,16.83,17.73
2023-05-09,17.71,17.86,17.22,17.29
2023-05-10,16.94,18.31,16.36,17.58
2023-05-11,16.93,18.19,16.63,16.8
2023-05-12,17.03,17.92,16.38,16.83
2023-05-15,17.12,18.16,17.08,17.44
2023-05-16,17.99,18.3,17.26,17.54
2023-05-17,16.87,18.26,16.68,17.96
2023-05-18,16.05,17.15,16.05,16.92
2023-05-19,16.81,17.36,15.85,16.13
2023-05-22,17.21,18.13,16.82,17.45
2023-05-23,18.53,19.31,17.3,17.35
2023-05-24,20.03,20.81,18.8,18.8
2023-05-25,19.14,19.95,18.7,19.54
2023-05-26,17.95,19.56,17.27,19.07
2023-05-29,17.46,17.6,17.34,17.53
2023-05-30,17.46,18.34,16.98,17.56
2023-05-31,17.94,18.4,17.12,18.04
2023-06-01,15.65,17.59,15.58,17.24
2023-06-02,14.6,15.65,14.42,15.65
2023-06-05,14.73,15.29,14.66,15.28
2023-06-06,13.96,14.97,13.95,14.91
2023-06-07,13.94,14.29,13.77,14.14
2023-06-08,13.65,14.21,13.53,14.14
2023-06-09,13.83,14.14,13.5,13.78
2023-06-12,15.01,15.02,14.32,14.44
2023-06-13,14.61,15.06,14.47,14.99
2023-06-14,13.88,14.73,13.83,14.48
2023-06-15,14.5,14.52,13.79,14.09
2023-06-16,13.54,14.54,13.48,14.49
2023-06-19,14.19,14.19,14.01,14.09
2023-06-20,13.88,14.67,13.86,14.36
2023-06-21,13.2,13.89,13.1,13.88
2023-06-22,12.91,13.98,12.73,13.88
2023-06-23,13.44,13.8,12.88,13.24
2023-06-26,14.25,14.71,13.78,14.43
2023-06-27,13.74,14.34,13.59,14.11
2023-06-28,13.43,13.96,13.36,13.9
2023-06-29,13.54,13.85,13.41,13.64
2023-06-30,13.59,13.59,12.96,13.51
2023-07-03,13.57,13.85,13.47,13.85
2023-07-04,13.7,13.71,13.52,13.54
2023-07-05,14.18,14.74,14.05,14.19
2023-07-06,15.44,17.08,14.79,14.85
2023-07-07,14.83,16.06,14.33,15.97
2023-07-10,15.07,16.21,15.04,16.08
2023-07-11,14.84,15.25,14.63,15.02
2023-07-12,13.54,14.82,13.51,14.82
2023-07-13,13.61,13.61,13.12,13.44
2023-07-14,13.34,13.76,13.22,13.72
2023-07-17,13.48,14,13.43,13.78
2023-07-18,13.3,13.67,13.29,13.61
2023-07-19,13.76,13.84,13.12,13.32
2023-07-20,13.99,14.23,13.58,13.96
2023-07-21,13.6,13.89,13.37,13.87
2023-07-24,13.91,14.3,13.73,14.29
2023-07-25,13.86,14.09,13.82,14.02
2023-07-26,13.19,14.16,13.15,13.86
2023-07-27,14.41,15.02,12.74,13.14
2023-07-28,13.33,14.18,13.27,14.03
2023-07-31,13.63,14.09,13.57,13.98
2023-08-01,13.93,14.3,13.75,13.75
2023-08-02,16.09,16.48,14.95,15.7
2023-08-03,15.92,17.42,15.72,16.77
2023-08-04,17.1,17.39,14.57,16.01
2023-08-07,15.77,17.36,15.77,16.9
2023-08-08,15.99,18.14,15.96,16.28
2023-08-09,15.96,16.87,15.38,15.81
2023-08-10,15.85,16.86,14.6,15.58
2023-08-11,14.84,16.51,14.84,15.53
2023-08-14,14.82,16.06,14.77,15.88
2023-08-15,16.46,16.57,14.91,14.95
2023-08-16,16.78,16.93,15.8,16.54
2023-08-17,17.89,18.13,16.4,16.96
2023-08-18,17.3,18.88,17.14,17.8
2023-08-21,17.13,18.11,16.88,18.03
2023-08-22,16.97,17.58,16.61,16.96
2023-08-23,15.98,17.1,15.91,16.64
2023-08-24,17.2,17.32,15.48,15.57
2023-08-25,15.68,17.36,15.45,17.21
2023-08-28,15.08,16.28,15,16.24
2023-08-29,14.45,15.3,14.34,15.08
2023-08-30,13.88,14.7,13.83,14.53
2023-08-31,13.57,14,13.44,13.98
2023-09-01,13.09,13.56,13.02,13.56
2023-09-04,13.82,13.82,13.51,13.62
2023-09-05,14.01,14.47,13.7,14.15
2023-09-06,14.45,15.3,14.13,14.27
2023-09-07,14.4,15.69,14.4,14.81
2023-09-08,13.84,14.87,13.58,14.22
2023-09-11,13.8,14.33,13.74,14.17
2023-09-12,14.23,14.42,13.71,14.02
2023-09-13,13.48,14.68,13.41,14.42
2023-09-14,12.82,13.46,12.79,13.39
2023-09-15,13.79,14.17,12.68,12.7
2023-09-18,14,14.75,13.86,14.4
2023-09-19,14.11,14.88,13.86,14.11
2023-09-20,15.14,15.15,13.57,14.18
2023-09-21,17.54,17.54,15.1,15.49
2023-09-22,17.2,17.41,15.93,17.31
2023-09-25,16.9,18.41,16.79,17.25
2023-09-26,18.94,19.5,17.17,18.03
2023-09-27,18.22,19.71,18.03,18.29
2023-09-28,17.34,18.77,17.06,18.22
2023-09-29,17.52,17.74,15.83,16.87
2023-10-02,17.61,18.55,16.93,17.31
2023-10-03,19.78,20.48,17.52,17.81
2023-10-04,18.58,20.88,18.3,20.72
2023-10-05,18.49,19.58,18.26,18.67
2023-10-06,17.45,19.93,17.19,18.73
2023-10-09,17.7,19.6,17.56,19.54
2023-10-10,17.03,17.86,16.51,17.7
2023-10-11,16.09,17.78,16.09,16.95
2023-10-12,16.69,18.08,15.44,16.08
2023-10-13,19.32,20.78,16.5,16.53
2023-10-16,17.21,19.57,17.14,19.1
2023-10-17,17.88,18.54,16.97,17.41
2023-10-18,19.22,20.15,17.88,18.36
2023-10-19,21.4,21.4,18.55,19.73
2023-10-20,21.71,21.83,20.42,21.59
2023-10-23,20.37,23.08,19.48,21.83
2023-10-24,18.97,20.24,18.65,20.03
2023-10-25,20.19,21.24,18.86,19.39
2023-10-26,20.68,21.96,20.22,21.78
2023-10-27,21.27,22.07,19.72,20.39
2023-10-30,19.75,21.16,19.55,21.13
2023-10-31,18.14,19.86,17.97,19.86
2023-11-01,16.87,18.42,16.63,18.02
2023-11-02,15.66,16.62,15.58,16.59
2023-11-03,14.91,15.83,14.91,15.7
2023-11-06,14.89,15.58,14.84,15.39
2023-11-07,14.81,15.17,14.71,15.1
2023-11-08,14.45,15.09,14.3,14.91
2023-11-09,15.29,15.57,14.13,14.61
2023-11-10,14.17,15.45,14.16,15.09
2023-11-13,14.76,15.19,14.58,15.16
2023-11-14,14.16,14.86,13.91,14.83
2023-11-15,14.18,14.35,13.97,14.21
2023-11-16,14.32,14.42,13.68,14.12
2023-11-17,13.8,14.19,13.67,14.18
2023-11-20,13.41,14.31,13.39,14.26
2023-11-21,13.35,14.31,13.13,13.45
2023-11-22,12.85,13.25,12.82,13.08
2023-11-23,12.8,12.87,12.75,12.84
2023-11-24,12.46,13.17,12.45,13.03
2023-11-27,12.69,13.28,12.64,13.14
2023-11-28,12.69,14.3,12.56,12.78
2023-11-29,12.98,13.1,12.48,12.71
2023-11-30,12.92,13.39,12.82,13.07
2023-12-01,12.63,12.96,12.48,12.94
2023-12-04,13.08,13.7,12.98,13.28
2023-12-05,12.85,13.76,12.81,13.26
2023-12-06,12.97,13.03,12.64,12.78
2023-12-07,13.06,13.28,12.95,13.17
2023-12-08,12.35,13.24,12.35,13.14
2023-12-11,12.63,13.14,12.61,13.05
2023-12-12,12.07,12.74,11.81,12.69
2023-12-13,12.19,12.46,11.82,12.2
2023-12-14,12.48,12.74,11.84,11.96
2023-12-15,12.28,12.54,12.01,12.12
2023-12-18,12.56,12.64,12.4,12.62
2023-12-19,12.53,12.6,12.33,12.6
2023-12-20,13.67,13.93,12.29,12.63
2023-12-21,13.65,14.49,13.34,13.4
2023-12-22,13.03,13.96,13,13.72
2023-12-25,13.03,13.96,13,13.72
2023-12-26,12.99,13.8,12.96,13.77
2023-12-27,12.43,13.04,12.37,13.02
2023-12-28,12.47,12.65,12.38,12.44
2023-12-29,12.45,13.19,12.36,12.55
2024-01-01,12.45,13.19,12.36,12.55
2024-01-02,13.2,14.23,13.1,13.22
2024-01-03,14.04,14.22,13.33,13.35
2024-01-04,14.13,14.2,13.64,13.93
2024-01-05,13.35,14.58,13.29,14.24
2024-01-08,13.08,14.18,13.02,14
2024-01-09,12.76,13.45,12.74,13.2
2024-01-10,12.69,12.95,12.67,12.86
2024-01-11,12.44,13.31,12.35,12.64
2024-01-12,12.7,13.08,12.47,12.66
2024-01-15,13.25,13.34,13.2,13.23
2024-01-16,13.84,14.35,13.52,14.12
2024-01-17,14.79,15.4,14.38,14.59
2024-01-18,14.13,14.89,13.89,14.85
2024-01-19,13.3,14.58,13.28,13.8
2024-01-22,13.19,13.84,13.17,13.77
2024-01-23,12.55,13.29,12.53,13.2
2024-01-24,13.14,13.18,12.41,12.66
2024-01-25,13.45,13.58,13.06,13.18
2024-01-26,13.26,14.1,13.2,13.73
2024-01-29,13.6,15.35,13.59,13.98
2024-01-30,13.31,13.74,13.23,13.69
2024-01-31,14.35,14.61,13.18,13.42
2024-02-01,13.88,14.63,13.87,14.21
2024-02-02,13.85,14.23,13.39,13.95
2024-02-05,13.67,14.53,13.58,14.37
2024-02-06,13.06,13.78,12.98,13.57
2024-02-07,12.83,13.13,12.81,13.06
2024-02-08,12.79,13.17,12.74,12.95
2024-02-09,12.93,13.01,12.69,12.79
2024-02-12,13.93,13.94,13.34,13.48
2024-02-13,15.85,17.94,13.43,13.96
2024-02-14,14.38,15.47,14.22,15.38
2024-02-15,14.01,14.64,13.94,14.27
2024-02-16,14.24,14.71,13.75,13.94
2024-02-19,14.71,14.78,14.65,14.72
2024-02-20,15.42,15.91,15.07,15.09
2024-02-21,15.34,16.12,15.22,15.54
2024-02-22,14.54,14.64,14.12,14.28
2024-02-23,13.75,14.31,13.64,14.31
2024-02-26,13.74,14.2,13.66,14.17
2024-02-27,13.43,13.75,13.41,13.63
2024-02-28,13.84,13.9,13.44,13.52
2024-02-29,13.4,14.15,13.3,14.14
2024-03-01,13.11,13.66,13.08,13.34
2024-03-04,13.49,13.58,13.32,13.49
2024-03-05,14.46,15.1,13.75,13.75
2024-03-06,14.5,14.93,13.89,14.27
2024-03-07,14.44,14.98,14.25,14.98
2024-03-08,14.74,15.53,13.97,14.22
2024-03-11,15.22,16.04,15.13,15.51
2024-03-12,13.84,15.2,13.81,14.97
2024-03-13,13.75,14.04,13.67,13.89
2024-03-14,14.4,15.33,13.42,13.62
2024-03-15,14.41,15.53,14.14,14.33
2024-03-18,14.33,14.85,14.26,14.75
2024-03-19,13.82,14.86,13.8,14.5
2024-03-20,13.04,14.17,13.01,13.83
2024-03-21,12.92,13.08,12.4,12.98
2024-03-22,13.06,13.15,12.58,12.92
2024-03-25,13.19,13.67,13.11,13.67
2024-03-26,13.24,13.43,12.84,13.12
2024-03-27,12.78,13.34,12.66,13.13
2024-03-28,13.01,13.1,12.84,12.93
2024-03-29,13.01,13.1,12.84,12.93
2024-04-01,13.65,14.15,13.55,13.61
2024-04-02,14.61,15.43,13.68,13.74
2024-04-03,14.33,15.18,14.25,15
2024-04-04,16.35,16.92,13.74,14.29
2024-04-05,16.03,16.75,15.53,16.45
2024-04-08,15.19,16.5,15.11,16.24
2024-04-09,14.98,16.63,14.94,15.34
2024-04-10,15.8,16.62,14.59,15.24
2024-04-11,14.91,17.61,14.91,16.02
2024-04-12,17.31,19.2,14.91,14.91
2024-04-15,19.23,19.46,16.26,16.94
2024-04-16,18.4,19.56,17.64,19.49
2024-04-17,18.21,19.11,17.54,18.24
2024-04-18,18,18.37,17.21,17.91
2024-04-19,18.71,21.36,18.17,21.33
2024-04-22,16.94,18.72,16.69,18.59
2024-04-23,15.69,16.76,15.69,16.72
2024-04-24,15.97,16.38,15.58,15.76
2024-04-25,15.37,17.55,15.27,16.25
2024-04-26,15.03,16.06,14.92,15.49
2024-04-29,14.67,15.42,14.63,15.37
2024-04-30,15.65,15.9,14.67,14.82
2024-05-01,15.39,16.22,14.35,15.75
2024-05-02,14.68,16.09,14.6,15.14
2024-05-03,13.49,14.58,13.48,14.51
2024-05-06,13.49,14.02,13.44,13.98
2024-05-07,13.23,13.64,13.16,13.52
2024-05-08,13,13.51,12.94,13.24
2024-05-09,12.69,13.29,12.68,13.08
2024-05-10,12.55,12.96,12.5,12.77
2024-05-13,13.6,13.66,13.25,13.26
2024-05-14,13.42,14.03,13.27,13.71
2024-05-15,12.45,13.94,12.38,13.73
2024-05-16,12.42,12.67,12.33,12.52
2024-05-17,11.99,12.48,11.91,12.28
2024-05-20,12.15,12.59,12.07,12.27
2024-05-21,11.86,12.56,11.84,12.3
2024-05-22,12.29,12.81,11.78,12.05
2024-05-23,12.77,13.37,11.52,11.53
2024-05-24,11.93,12.89,11.89,12.86
2024-05-27,12.36,12.49,12.35,12.41
2024-05-28,12.92,13.44,12.36,12.51
2024-05-29,14.28,14.32,13.69,13.75
2024-05-30,14.47,14.88,13.67,14.82
2024-05-31,12.92,14.87,12.84,14.5
2024-06-03,13.11,14.31,13,13.08
2024-06-04,13.16,14.08,13.11,13.51
2024-06-05,12.63,13.25,12.6,13.14
2024-06-06,12.58,12.98,12.54,12.75
2024-06-07,12.22,13.08,12.11,12.69
2024-06-10,12.74,13.28,12.62,13.09
2024-06-11,12.85,13.47,12.78,12.85
2024-06-12,12.04,13.15,11.94,13.1
2024-06-13,11.94,12.68,11.88,12.05
2024-06-14,12.66,13.45,12.12,12.22
2024-06-17,12.75,13.29,12.5,13.07
2024-06-18,12.3,12.74,12.24,12.7
2024-06-19,12.48,12.55,12.32,12.32
2024-06-20,13.28,13.55,12.18,12.5
2024-06-21,13.2,13.78,12.99,13.22
2024-06-24,13.33,13.88,13.15,13.85
2024-06-25,12.84,13.52,12.84,13.48
2024-06-26,12.55,13.24,12.37,12.81
2024-06-27,12.24,12.77,12.21,12.69
2024-06-28,12.44,12.76,11.87,12.24
2024-07-01,12.22,13.26,12.1,12.98
2024-07-02,12.03,12.88,11.85,12.67
2024-07-03,12.09,12.23,11.95,12.13
2024-07-04,12.26,12.35,12.09,12.1
2024-07-05,12.48,12.61,11.84,12.37
2024-07-08,12.37,12.91,12.31,12.91
2024-07-09,12.51,12.61,12.35,12.48
2024-07-10,12.85,12.92,12.39,12.51
2024-07-11,12.92,13.33,12.23,12.88
2024-07-12,12.46,12.89,12.11,12.87
2024-07-15,13.12,13.26,12.75,12.78
2024-07-16,13.19,13.47,12.95,13.38
2024-07-17,14.48,14.88,13.54,13.6
2024-07-18,15.93,16.43,14.08,14.27
2024-07-19,16.52,17.19,10.62,16.44
2024-07-22,14.91,16.89,14.75,16.79
2024-07-23,14.72,15.35,13.9,15.21
2024-07-24,18.04,18.46,15.18,15.35
2024-07-25,18.46,19.36,16.42,18.41
2024-07-26,16.39,18.05,16.37,17.97
2024-07-29,16.6,17.21,16.23,16.59
2024-07-30,17.69,18.32,16.26,16.64
2024-07-31,16.36,16.77,15.71,16.66
2024-08-01,18.59,19.48,15.95,16.2
2024-08-02,23.39,29.66,20.01,20.52
2024-08-05,38.57,65.73,23.39,23.39
2024-08-06,27.71,34.77,24.02,33.71
2024-08-07,27.85,29.76,21.97,24.77
2024-08-08,23.79,29.47,23.36,28.34
2024-08-09,20.37,24.52,20.26,23.78
2024-08-12,20.71,21.19,18.89,20.79
2024-08-13,18.12,20.79,17.95,20.06
2024-08-14,16.19,18.49,16.12,18.41
2024-08-15,15.23,16.68,14.77,16.27
2024-08-16,14.8,15.76,14.65,15.29
2024-08-19,14.65,16.07,14.46,15.94
2024-08-20,15.88,15.93,14.78,14.89
2024-08-21,16.27,17.17,15.92,16.25
2024-08-22,17.55,18.06,15.76,16.27
2024-08-23,15.86,17.21,15.61,17.12
2024-08-26,16.15,16.67,15.81,16.27
2024-08-27,15.43,16.81,15.37,16.21
2024-08-28,17.11,17.89,15.46,15.51
2024-08-29,15.65,16.57,15.19,16.54
2024-08-30,15,16.04,14.78,15.67
2024-09-02,15.55,15.99,15.48,15.87
2024-09-03,20.72,21.99,15.71,15.76
2024-09-04,21.32,23.31,19.34,23.2
2024-09-05,19.9,21.53,19.21,20.75
2024-09-06,22.38,23.76,18.83,21.98
2024-09-09,19.45,21.41,19.29,21.32
2024-09-10,19.08,20.74,18.9,19.86
2024-09-11,17.69,21.41,17.55,19.41
2024-09-12,17.07,18.59,16.89,17.62
2024-09-13,16.56,17.18,16.23,17.03
2024-09-16,17.14,17.69,16.91,17.16
2024-09-17,17.61,18.08,16.67,17.16
2024-09-18,18.23,19.39,17.11,17.58
2024-09-19,16.33,17.27,16.21,17.21
2024-09-20,16.15,16.68,15.81,16.35
2024-09-23,15.89,16.95,15.75,16.71
2024-09-24,15.39,16.67,15.27,15.87
2024-09-25,15.41,15.82,15.17,15.82
2024-09-26,15.37,15.83,14.9,15.06
2024-09-27,16.96,16.97,15.2,15.64
2024-09-30,16.73,17.79,16.47,17.01
2024-10-01,19.26,20.73,16.61,16.96
2024-10-02,18.9,20.36,18.58,19.65
2024-10-03,20.49,20.75,19.16,19.63
2024-10-04,19.21,20.48,18.48,20.48
2024-10-07,22.64,23.03,20.65,20.76
2024-10-08,21.42,23.14,21.14,22.92
2024-10-09,20.86,22.01,20.71,21.98
2024-10-10,20.93,21.39,20.64,20.91
2024-10-11,20.46,21.16,20.14,20.87
2024-10-14,19.7,20.86,19.69,20.86
2024-10-15,20.64,20.89,19.44,19.61
2024-10-16,19.58,21.01,19.45,20.77
2024-10-17,19.11,19.65,18.88,19.55
2024-10-18,18.03,19.32,17.99,19.3
2024-10-21,18.37,19.34,18.36,18.78
2024-10-22,18.2,19.44,18.05,18.79
2024-10-23,19.24,20.47,18.18,18.21
2024-10-24,19.08,20.24,18.63,18.87
2024-10-25,20.33,20.51,18.23,19.22
2024-10-28,19.8,19.88,18.91,19.11
2024-10-29,19.34,20.53,19.06,19.75
2024-10-30,20.35,20.44,19.3,19.33
2024-10-31,23.16,23.42,21.12,21.44
2024-11-01,21.88,23.09,21.16,22.96
2024-11-04,21.98,23.07,21.73,22.5
2024-11-05,20.49,22.06,20.2,21.98
2024-11-06,16.27,16.82,15.44,16.06
2024-11-07,15.2,15.86,15.13,15.86
2024-11-08,14.94,15.33,14.66,15.13
2024-11-11,14.97,15.56,14.89,15.33
2024-11-12,14.71,15.37,14.69,15.09
2024-11-13,14.02,15.26,13.77,15.09
2024-11-14,14.31,14.32,13.59,14.17
2024-11-15,16.14,17.55,14.56,15.02
2024-11-18,15.58,17,15.35,16.6
2024-11-19,16.35,17.93,15.37,15.44
2024-11-20,17.16,18.79,16.04,16.19
2024-11-21,16.87,17.99,15.73,17.1
2024-11-22,15.24,17.56,15.24,16.67
2024-11-25,14.6,15.72,14.54,15.23
2024-11-26,14.1,15.03,13.88,14.95
2024-11-27,14.1,15.13,13.96,14.28
2024-11-28,13.9,14.07,13.87,14.07
2024-11-29,13.51,14.15,13.49,14
2024-12-02,13.34,14.1,13.3,14.08
2024-12-03,13.3,13.77,13.19,13.38
2024-12-04,13.45,13.61,12.89,13.16
2024-12-05,13.54,13.7,13.26,13.46
2024-12-06,12.77,13.74,12.7,13.62
2024-12-09,14.19,14.23,13.35,13.36
2024-12-10,14.18,14.54,13.86,14.3
2024-12-11,13.58,14.43,13.52,14.42
2024-12-12,13.92,13.95,13.39,13.73
2024-12-13,13.81,14.25,13.24,13.57
2024-12-16,14.69,14.69,13.99,14.37
2024-12-17,15.87,15.94,14.78,14.98
2024-12-18,27.62,28.32,14.82,15.57
2024-12-19,24.09,24.12,20.16,21.61
2024-12-20,18.36,26.51,17.82,24.14
2024-12-23,16.78,20.02,16.74,18.09
2024-12-24,14.27,17.04,14.27,16.97
2024-12-25,14.27,17.04,14.27,16.97
2024-12-26,14.73,15.93,14.55,14.99
2024-12-27,15.95,18.45,15.29,15.38
2024-12-30,17.4,19.22,16.44,17.21
2024-12-31,17.35,17.81,16.68,17.39
2025-01-01,17.35,17.81,16.68,17.39
2025-01-02,17.93,19.5,16.96,17.21
2025-01-03,16.13,17.94,16.11,17.66
2025-01-06,16.04,16.87,15.71,16.77
2025-01-07,17.82,18.9,15.79,16.48
2025-01-08,17.7,19.5,17.37,17.91
2025-01-09,18.07,18.52,17.95,18.51
2025-01-10,19.54,20.31,18.05,18.29
2025-01-13,19.19,22.04,19.15,21.18
2025-01-14,18.71,19.66,18.24,18.79
2025-01-15,16.12,19.14,15.96,19.08
2025-01-16,16.6,16.6,15.64,15.87
2025-01-17,15.97,16.23,15.53,16.19
2025-01-20,15.81,16.59,15.8,16.46
2025-01-21,15.06,16.29,14.93,16.29
2025-01-22,15.1,15.29,14.59,14.89
2025-01-23,15.02,15.39,14.59,15.28
2025-01-24,14.85,15.16,14.58,15.02
2025-01-27,17.9,22.51,17.57,18.83
2025-01-28,16.41,18.39,16.25,18.29
2025-01-29,16.56,18.08,16.17,16.42
2025-01-30,15.84,16.42,15.32,15.93
2025-01-31,16.43,17.09,14.9,15.45
2025-02-03,18.62,20.42,17.66,20.36
2025-02-04,17.21,19.11,16.78,18.78
2025-02-05,15.77,17.75,15.77,17.54
2025-02-06,15.5,16.15,14.99,15.88
2025-02-07,16.54,16.66,14.79,15.38
2025-02-10,15.81,16.61,15.7,16.58
2025-02-11,16.02,16.42,15.75,16.13
2025-02-12,15.89,17.18,15.64,15.91
2025-02-13,15.1,16.33,14.98,15.97
2025-02-14,14.77,15.42,14.74,15.08
2025-02-17,15.37,15.57,15.34,15.38
2025-02-18,15.35,16.03,15.35,15.57
2025-02-19,15.27,15.96,15.05,15.14
2025-02-20,15.66,16.63,15.12,15.61
2025-02-21,18.21,19.03,15.28,15.63
2025-02-24,18.98,20.24,17.31,18.08
2025-02-25,19.43,21.48,18.85,19.09
2025-02-26,19.1,20.06,17.83,18.96
2025-02-27,21.13,21.47,17.67,18.25
2025-02-28,19.63,22.4,19.05,21.21
2025-03-03,22.78,24.31,19.25,19.83
2025-03-04,23.51,26.35,21.71,22.96
2025-03-05,21.93,24.84,21.37,23.03
2025-03-06,24.87,25.92,22.39,22.6
2025-03-07,23.37,26.56,23.09,24.85
2025-03-10,27.86,29.56,24.68,24.7
2025-03-11,26.92,29.57,26.18,27.94
2025-03-12,24.23,26.91,23.89,26.88
2025-03-13,24.66,26.13,23.46,24.92
2025-03-14,21.77,24.36,21.48,24.35
2025-03-17,20.51,22.95,20.32,22.89
2025-03-18,21.7,22.57,20.41,20.83
2025-03-19,19.9,22.1,19.42,21.84
2025-03-20,19.8,21.17,19.3,19.52
2025-03-21,19.28,21.14,19.15,20.02
2025-03-24,17.48,19.14,17.46,19.13
2025-03-25,17.15,17.77,17.02,17.58
2025-03-26,18.33,19.07,16.97,17.23
2025-03-27,18.69,19.28,17.95,18.36
2025-03-28,21.65,22.18,18.92,19.08
2025-03-31,22.28,24.8,21.67,24.11
2025-04-01,21.77,23.52,21.58,22.06
2025-04-02,21.51,23.66,20.68,22.3
2025-04-03,30.02,30.02,24.93,26.38
2025-04-04,45.31,45.61,29.99,30.12
2025-04-07,46.98,60.13,38.58,60.13
2025-04-08,52.33,57.52,36.48,44.04
2025-04-09,33.62,57.96,31.9,50.98
2025-04-10,40.72,54.87,34.44,34.44
2025-04-11,37.56,46.12,36.85,40.8
2025-04-14,30.89,35.17,29.75,34.76
2025-04-15,30.12,31.45,28.29,30.01
2025-04-16,32.64,34.96,29.48,33.24
2025-04-17,29.65,32.55,29.57,30.79
2025-04-18,29.65,32.55,29.57,30.79
2025-04-21,33.82,35.75,31.79,32.75
2025-04-22,30.57,32.68,30.08,32.61
2025-04-23,28.45,30.29,27.11,28.75
2025-04-24,26.47,29.66,26.36,28.69
2025-04-25,24.84,27.2,24.84,26.22
2025-04-28,25.15,26.93,24.7,25.75
2025-04-29,24.17,25.99,23.76,24.76
2025-04-30,24.7,28.17,24.23,24.35
2025-05-01,24.6,25.18,23.3,23.94
2025-05-02,22.68,24.32,22.34,23.63
2025-05-05,23.64,24.63,22.81,24.25
2025-05-06,24.76,25.11,23.9,23.97
2025-05-07,23.55,25.62,23.29,24.56
2025-05-08,22.48,23.61,21.88,22.84
2025-05-09,21.9,22.82,21.83,22.4
2025-05-12,18.39,20.44,18.14,19.84
2025-05-13,18.22,18.85,17.65,18.69
2025-05-14,18.62,18.82,18.06,18.1
2025-05-15,17.83,19.38,17.77,19.19
2025-05-16,17.24,17.96,17.15,17.96
2025-05-19,18.14,19.92,17.92,19.84
2025-05-20,18.09,18.68,17.7,18.46
2025-05-21,20.87,21.05,17.77,18.77
2025-05-22,20.28,22.07,19.64,20.62
2025-05-23,22.29,25.53,19.83,20.14
2025-05-26,20.57,20.83,20.3,20.75
2025-05-27,18.96,21.01,18.95,20.63
2025-05-28,19.31,19.43,18.68,19.21
2025-05-29,19.18,20.2,18.11,18.25
2025-05-30,18.57,20.55,18.57,19.61
2025-06-02,18.36,20.45,18.36,19.81
2025-06-03,17.69,19.21,17.64,18.83
2025-06-04,17.61,18.07,17.41,17.68
2025-06-05,18.48,18.8,17.08,17.68
2025-06-06,16.77,18.35,16.65,18.16
2025-06-09,17.16,17.72,16.82,17.69
2025-06-10,16.95,17.99,16.68,17.5
2025-06-11,17.26,18.09,16.23,17.04
2025-06-12,18.02,18.87,17.43,17.87
2025-06-13,20.82,22,18.88,21.76
2025-06-16,19.11,20.22,18.67,19.78
2025-06-17,21.6,21.79,19.55,20.53
2025-06-18,20.14,21.58,19.59,20.9
2025-06-19,22.17,22.75,21.18,21.51
2025-06-20,20.62,21.07,19.11,20.74
2025-06-23,19.83,22.51,19.82,21.15
2025-06-24,17.48,18.72,17.33,18.19
2025-06-25,16.76,17.51,16.68,17.28
2025-06-26,16.59,16.78,16.11,16.67
2025-06-27,16.32,17.29,16.12,16.31
2025-06-30,16.73,17.43,16.55,17.19
2025-07-01,16.83,17.48,16.51,16.98
2025-07-02,16.64,17.37,16.54,16.75
2025-07-03,16.38,16.83,16.14,16.65
2025-07-04,17.48,17.67,16.92,16.93
2025-07-07,17.79,18.5,17.51,17.83
2025-07-08,16.81,17.44,16.54,17.41
2025-07-09,15.94,16.76,15.76,16.76
2025-07-10,15.78,16.24,15.7,16.23
2025-07-11,16.4,17.24,15.98,16.41
2025-07-14,17.2,17.85,16.91,17.73
2025-07-15,17.38,17.39,16.56,16.89
2025-07-16,17.16,19.48,16.69,17.66
2025-07-17,16.52,17.37,16.48,17.16
2025-07-18,16.41,16.81,16.28,16.43
2025-07-21,16.65,16.99,16.3,16.87
2025-07-22,16.5,17.48,16.43,16.75
2025-07-23,15.37,16.32,15.32,16.23
2025-07-24,15.39,15.54,14.95,15.39
2025-07-25,14.93,15.39,14.92,15.33
2025-07-28,15.03,15.54,15,15.15
2025-07-29,15.98,16.12,14.7,14.95
2025-07-30,15.48,17.27,15.44,15.87
2025-07-31,16.72,17.17,14.74,14.99
2025-08-01,20.38,21.9,17.39,17.4
2025-08-04,17.52,19.58,17.48,19.56
2025-08-05,17.85,18.94,17.11,17.21
2025-08-06,16.77,17.88,16.56,17.22
2025-08-07,16.57,17.64,15.98,16.41
2025-08-08,15.15,16.52,15.15,16.48
2025-08-11,16.25,16.36,15.52,15.81
2025-08-12,14.73,16.56,14.66,16.09
2025-08-13,14.49,14.81,14.3,14.62
2025-08-14,14.83,15.39,14.57,14.66
2025-08-15,15.09,15.18,14.4,14.43
2025-08-18,14.99,15.95,14.95,15.73
2025-08-19,15.57,15.91,14.76,15.23
2025-08-20,15.69,17.19,15.57,15.95
2025-08-21,16.6,17.24,15.65,15.72
2025-08-22,14.22,16.83,14.21,16.81
2025-08-25,14.79,15.19,14.24,15.05
2025-08-26,14.62,15.75,14.62,15.75
2025-08-27,14.85,15.23,14.66,14.66
2025-08-28,14.43,14.69,14.12,14.42
2025-08-29,15.36,15.97,14.31,14.31
2025-09-01,16.12,16.79,15.08,16.17
2025-09-02,17.17,19.38,16.55,16.65
2025-09-03,16.35,17.57,16.34,17.4
2025-09-04,15.3,16.35,15.28,16.22
2025-09-05,15.18,16.92,14.74,15.23
2025-09-08,15.11,15.65,14.99,15.58
2025-09-09,15.04,15.82,14.97,15.02
2025-09-10,15.35,15.63,14.63,14.98
2025-09-11,14.71,15.24,14.65,15.19
2025-09-12,14.76,14.97,14.41,14.62
2025-09-15,15.69,15.84,14.92,15.14
2025-09-16,16.36,16.38,15.44,15.6
2025-09-17,15.72,16.75,15.26,16.42
2025-09-18,15.7,15.8,14.33,14.93
2025-09-19,15.45,16.13,15.29,15.76
2025-09-22,16.1,16.35,15.78,16.14
2025-09-23,16.64,17.07,15.95,16.1
2025-09-24,16.18,17.21,16.18,16.57
2025-09-25,16.74,17.74,16.32,16.55
2025-09-26,15.29,17.05,15.29,16.89
2025-09-29,16.12,16.29,15.74,15.84
2025-09-30,16.28,16.7,16.02,16.49
2025-10-01,16.29,17.28,15.98,17.28
2025-10-02,16.63,16.92,15.93,16.12
2025-10-03,16.65,17.06,16.2,16.35
2025-10-06,16.37,17.09,16.29,16.74
2025-10-07,17.24,17.55,16.19,16.58
2025-10-08,16.3,17.2,16.23,17.17
2025-10-09,16.43,17.27,16.26,16.31
2025-10-10,21.66,22.44,16.23,16.36
2025-10-13,19.03,20.77,18.61,19.45
2025-10-14,20.81,22.94,19.18,21.46
2025-10-15,20.64,22.44,19.11,20.02
2025-10-16,25.31,25.43,19.85,20.49
2025-10-17,20.78,28.99,20.73,28.41
2025-10-20,18.23,21.02,18.23,20.53
2025-10-21,17.87,18.89,17.4,18.65
2025-10-22,18.6,21.01,17.73,17.84
2025-10-23,17.3,19.35,17.08,18.36
2025-10-24,16.37,17.22,16.02,17.02
2025-10-27,15.79,16.07,15.62,15.73
2025-10-28,16.42,16.55,15.66,15.95
2025-10-29,16.92,17.58,16.26,16.34
2025-10-30,16.91,17.41,15.73,16.26
